hole,par,hole_type,player_name,expected_sg_vs_field_per_round
1,4,long_par4_tight,Scottie Scheffler,0.7985635242454312
1,4,long_par4_tight,Tommy Fleetwood,0.43862009740370583
1,4,long_par4_tight,Collin Morikawa,0.10406831586460798
1,4,long_par4_tight,J.J. Spaun,0.2336766189832619
1,4,long_par4_tight,Viktor Hovland,0.025596797526630074
1,4,long_par4_tight,Rico Hoey,-0.20651826047138216
1,4,long_par4_tight,Sepp Straka,0.17059756428813808
1,4,long_par4_tight,Russell Henley,0.30516208187429567
1,4,long_par4_tight,Patrick Cantlay,0.24732652734992355
1,4,long_par4_tight,Shane Lowry,0.04040685124778701
1,4,long_par4_tight,Rory McIlroy,0.29094114438330554
1,4,long_par4_tight,Kurt Kitayama,0.14548989840780635
1,4,long_par4_tight,Ben Griffin,0.28908324408271135
1,4,long_par4_tight,Aaron Rai,0.152202389323465
1,4,long_par4_tight,Si Woo Kim,0.07202745370507632
1,4,long_par4_tight,Nicolai H√∏jgaard,0.0004424639083492435
1,4,long_par4_tight,Kevin Yu,0.09625615452052705
1,4,long_par4_tight,Ben Kohles,-0.13939873824163135
1,4,long_par4_tight,Daniel Berger,0.006513921988861489
1,4,long_par4_tight,Keegan Bradley,0.20829824452294174
1,4,long_par4_tight,Doug Ghim,-0.21491322090602052
1,4,long_par4_tight,Xander Schauffele,-0.019584152835113146
1,4,long_par4_tight,Akshay Bhatia,-0.048463657655221114
1,4,long_par4_tight,Robert MacIntyre,0.2356374606866503
1,4,long_par4_tight,Pierceson Coody,0.004273141654817097
1,4,long_par4_tight,Corey Conners,0.07881304695965001
1,4,long_par4_tight,Lee Hodges,0.09096344776264609
1,4,long_par4_tight,Jordan Spieth,0.2677535575193234
1,4,long_par4_tight,Justin Thomas,0.20473099938727762
1,4,long_par4_tight,Lucas Glover,-0.04261084085931427
1,4,long_par4_tight,Hideki Matsuyama,-0.025389979729913296
1,4,long_par4_tight,Victor Perez,-0.03238463316019758
1,4,long_par4_tight,Ryan Gerard,-0.05681232348065235
1,4,long_par4_tight,Bud Cauley,0.11187984302917424
1,4,long_par4_tight,Nick Taylor,0.0624516639302931
1,4,long_par4_tight,Taylor Pendrith,0.05735313416145399
1,4,long_par4_tight,Keith Mitchell,-0.0071306573865862165
1,4,long_par4_tight,Maverick McNealy,0.05827232694417569
1,4,long_par4_tight,Michael Kim,0.07057445915678043
1,4,long_par4_tight,Chris Kirk,-0.04165196070052887
1,4,long_par4_tight,Thorbj√∏rn Olesen,0.11675989755343237
1,4,long_par4_tight,Gary Woodland,-0.14094692568795109
1,4,long_par4_tight,Steven Fisk,-0.09311016257968542
1,4,long_par4_tight,Michael Thorbjornsen,-0.08627838235534306
1,4,long_par4_tight,Joseph Bramlett,-0.2727662971272156
1,4,long_par4_tight,Alex Smalley,0.0984826797522001
1,4,long_par4_tight,Emiliano Grillo,-0.05623339450405713
1,4,long_par4_tight,Adam Scott,0.03835987658619412
1,4,long_par4_tight,Sami Valimaki,-0.24374165376915
1,4,long_par4_tight,Thomas Rosenmueller,-0.34196877208724613
1,4,long_par4_tight,Davis Thompson,-0.03642526827563702
1,4,long_par4_tight,Chris Gotterup,-8.989825098259726e-07
1,4,long_par4_tight,Ludvig √Öberg,-0.022558107277478336
1,4,long_par4_tight,Greyson Sigg,-0.1719399906380649
1,4,long_par4_tight,Henrik Norlander,-0.35620274738306035
1,4,long_par4_tight,Patrick Fishburn,0.03168227701923923
1,4,long_par4_tight,Antoine Rozner,-0.2664646897718232
1,4,long_par4_tight,Ricky Castillo,0.010890774074266862
1,4,long_par4_tight,Ryan Fox,-0.005251139180211714
1,4,long_par4_tight,Luke Clanton,-0.16134731543695338
1,4,long_par4_tight,Mac Meissner,-0.08893876697975135
1,4,long_par4_tight,Zac Blair,-0.25339450908460714
1,4,long_par4_tight,Matt Fitzpatrick,0.054522762764054704
1,4,long_par4_tight,Max McGreevy,-0.060669744138671204
1,4,long_par4_tight,Kevin Roy,0.029177191646167732
1,4,long_par4_tight,Harry Hall,-0.14887533033723033
1,4,long_par4_tight,Jesper Svensson,-0.06501833723068949
1,4,long_par4_tight,J.T. Poston,0.09610703743047118
1,4,long_par4_tight,Austin Eckroat,-0.22904595730768762
1,4,long_par4_tight,Ryo Hisatsune,-0.04603318280939471
1,4,long_par4_tight,Jake Knapp,-0.08470731085929019
1,4,long_par4_tight,Rickie Fowler,-0.01477448835905348
1,4,long_par4_tight,Cameron Young,-0.1181300557148517
1,4,long_par4_tight,Jhonattan Vegas,-0.1569760371082771
1,4,long_par4_tight,Joel Dahmen,-0.1287917538870752
1,4,long_par4_tight,Harris English,-0.06667863528586974
1,4,long_par4_tight,Sam Burns,-0.2562441344968774
1,4,long_par4_tight,Denny McCarthy,-0.27421327103360815
1,4,long_par4_tight,Matt Wallace,-0.12494837109251952
1,4,long_par4_tight,Garrick Higgo,-0.13642481543669305
2,5,reachable_par5_risky,Scottie Scheffler,1.0463097383750466
2,5,reachable_par5_risky,Tommy Fleetwood,0.559484248828828
2,5,reachable_par5_risky,Collin Morikawa,0.13471389357806396
2,5,reachable_par5_risky,J.J. Spaun,0.2755991369819311
2,5,reachable_par5_risky,Viktor Hovland,0.00245619819201805
2,5,reachable_par5_risky,Rico Hoey,-0.19917582642932607
2,5,reachable_par5_risky,Sepp Straka,0.18173245379784742
2,5,reachable_par5_risky,Russell Henley,0.42423680192192315
2,5,reachable_par5_risky,Patrick Cantlay,0.2901909465054607
2,5,reachable_par5_risky,Shane Lowry,0.041166177281052665
2,5,reachable_par5_risky,Rory McIlroy,0.4120711639929442
2,5,reachable_par5_risky,Kurt Kitayama,0.21518424163716401
2,5,reachable_par5_risky,Ben Griffin,0.35554976060229254
2,5,reachable_par5_risky,Aaron Rai,0.19106373501117943
2,5,reachable_par5_risky,Si Woo Kim,0.1442827005073902
2,5,reachable_par5_risky,Nicolai H√∏jgaard,-0.05100055032499678
2,5,reachable_par5_risky,Kevin Yu,0.11491587839681977
2,5,reachable_par5_risky,Ben Kohles,-0.1777724924330769
2,5,reachable_par5_risky,Daniel Berger,-0.017392770727896575
2,5,reachable_par5_risky,Keegan Bradley,0.31597539819736253
2,5,reachable_par5_risky,Doug Ghim,-0.22183694403612916
2,5,reachable_par5_risky,Xander Schauffele,-0.05167766812973168
2,5,reachable_par5_risky,Akshay Bhatia,-0.11179955986380744
2,5,reachable_par5_risky,Robert MacIntyre,0.27044738675914676
2,5,reachable_par5_risky,Pierceson Coody,0.05454364456957105
2,5,reachable_par5_risky,Corey Conners,0.06879902822335528
2,5,reachable_par5_risky,Lee Hodges,0.08640920985590113
2,5,reachable_par5_risky,Jordan Spieth,0.32839962377422127
2,5,reachable_par5_risky,Justin Thomas,0.2610583076469544
2,5,reachable_par5_risky,Lucas Glover,-0.04837866994607178
2,5,reachable_par5_risky,Hideki Matsuyama,0.023898677879660518
2,5,reachable_par5_risky,Victor Perez,-0.09101483288085542
2,5,reachable_par5_risky,Ryan Gerard,-0.08188678611909689
2,5,reachable_par5_risky,Bud Cauley,0.10337068965522499
2,5,reachable_par5_risky,Nick Taylor,0.054569890010286275
2,5,reachable_par5_risky,Taylor Pendrith,0.07971003631729344
2,5,reachable_par5_risky,Keith Mitchell,-0.02235556229422556
2,5,reachable_par5_risky,Maverick McNealy,0.04654192042070182
2,5,reachable_par5_risky,Michael Kim,0.07608651439436864
2,5,reachable_par5_risky,Chris Kirk,-0.05238606448373511
2,5,reachable_par5_risky,Thorbj√∏rn Olesen,0.12819411382458154
2,5,reachable_par5_risky,Gary Woodland,-0.23724292948017964
2,5,reachable_par5_risky,Steven Fisk,-0.07037356602346068
2,5,reachable_par5_risky,Michael Thorbjornsen,-0.11402614706294373
2,5,reachable_par5_risky,Joseph Bramlett,-0.24416153805242635
2,5,reachable_par5_risky,Alex Smalley,0.13299161085651878
2,5,reachable_par5_risky,Emiliano Grillo,-0.11666864497740431
2,5,reachable_par5_risky,Adam Scott,0.0366972949320983
2,5,reachable_par5_risky,Sami Valimaki,-0.32903862756752056
2,5,reachable_par5_risky,Thomas Rosenmueller,-0.46849112932362424
2,5,reachable_par5_risky,Davis Thompson,-0.013521155490725757
2,5,reachable_par5_risky,Chris Gotterup,0.029032379459534532
2,5,reachable_par5_risky,Ludvig √Öberg,-0.029714766690190304
2,5,reachable_par5_risky,Greyson Sigg,-0.21932344397797335
2,5,reachable_par5_risky,Henrik Norlander,-0.5000387291653764
2,5,reachable_par5_risky,Patrick Fishburn,0.008572100321990744
2,5,reachable_par5_risky,Antoine Rozner,-0.39281465000944027
2,5,reachable_par5_risky,Ricky Castillo,0.036837212605995366
2,5,reachable_par5_risky,Ryan Fox,-0.03983457299812449
2,5,reachable_par5_risky,Luke Clanton,-0.24360487190793956
2,5,reachable_par5_risky,Mac Meissner,-0.09643664838883724
2,5,reachable_par5_risky,Zac Blair,-0.3463487444645004
2,5,reachable_par5_risky,Matt Fitzpatrick,0.05966015080283663
2,5,reachable_par5_risky,Max McGreevy,-0.09049150585930528
2,5,reachable_par5_risky,Kevin Roy,0.023595268116408604
2,5,reachable_par5_risky,Harry Hall,-0.07541788858572145
2,5,reachable_par5_risky,Jesper Svensson,-0.03595664988060098
2,5,reachable_par5_risky,J.T. Poston,0.11286371326033909
2,5,reachable_par5_risky,Austin Eckroat,-0.3542663796987688
2,5,reachable_par5_risky,Ryo Hisatsune,-0.06396204481013272
2,5,reachable_par5_risky,Jake Knapp,-0.10535016281671128
2,5,reachable_par5_risky,Rickie Fowler,-0.04562459713927507
2,5,reachable_par5_risky,Cameron Young,-0.1093063133390515
2,5,reachable_par5_risky,Jhonattan Vegas,-0.21963606856707343
2,5,reachable_par5_risky,Joel Dahmen,-0.1973476116836368
2,5,reachable_par5_risky,Harris English,-0.06715891076810458
2,5,reachable_par5_risky,Sam Burns,-0.24374751505852488
2,5,reachable_par5_risky,Denny McCarthy,-0.32504824053848147
2,5,reachable_par5_risky,Matt Wallace,-0.08774851347655273
2,5,reachable_par5_risky,Garrick Higgo,-0.11783095202275316
3,4,short_par4,Scottie Scheffler,0.592422859654944
3,4,short_par4,Tommy Fleetwood,0.35067865349151267
3,4,short_par4,Collin Morikawa,0.04368155237599532
3,4,short_par4,J.J. Spaun,0.17337072515432173
3,4,short_par4,Viktor Hovland,0.026245120734805637
3,4,short_par4,Rico Hoey,-0.21404132828270855
3,4,short_par4,Sepp Straka,0.13091605527054578
3,4,short_par4,Russell Henley,0.2718538195421936
3,4,short_par4,Patrick Cantlay,0.1772697702798507
3,4,short_par4,Shane Lowry,0.04075451706254645
3,4,short_par4,Rory McIlroy,0.21584270320250057
3,4,short_par4,Kurt Kitayama,0.07701744270019632
3,4,short_par4,Ben Griffin,0.2340609456986186
3,4,short_par4,Aaron Rai,0.0931194796359831
3,4,short_par4,Si Woo Kim,0.049373078890102076
3,4,short_par4,Nicolai H√∏jgaard,-0.00572925068941873
3,4,short_par4,Kevin Yu,0.030722047307501835
3,4,short_par4,Ben Kohles,-0.11685999240706144
3,4,short_par4,Daniel Berger,-0.031521609712599506
3,4,short_par4,Keegan Bradley,0.16243011683319683
3,4,short_par4,Doug Ghim,-0.18417036946749954
3,4,short_par4,Xander Schauffele,-0.015548730856705899
3,4,short_par4,Akshay Bhatia,-0.019740898303731914
3,4,short_par4,Robert MacIntyre,0.1760939106772187
3,4,short_par4,Pierceson Coody,-0.04318373295835208
3,4,short_par4,Corey Conners,0.03598145537294351
3,4,short_par4,Lee Hodges,0.07367428195682013
3,4,short_par4,Jordan Spieth,0.19110667520977426
3,4,short_par4,Justin Thomas,0.18276797206710915
3,4,short_par4,Lucas Glover,-0.03012141121852986
3,4,short_par4,Hideki Matsuyama,0.04565382965518082
3,4,short_par4,Victor Perez,-0.01827430695824394
3,4,short_par4,Ryan Gerard,-0.05202248796679247
3,4,short_par4,Bud Cauley,0.08208123861021324
3,4,short_par4,Nick Taylor,0.06889171997427126
3,4,short_par4,Taylor Pendrith,0.011334485373088322
3,4,short_par4,Keith Mitchell,-0.045865967276722
3,4,short_par4,Maverick McNealy,0.05010949037346977
3,4,short_par4,Michael Kim,0.06614960550139362
3,4,short_par4,Chris Kirk,-0.03293348368014098
3,4,short_par4,Thorbj√∏rn Olesen,0.09385069198783579
3,4,short_par4,Gary Woodland,-0.12010900359491007
3,4,short_par4,Steven Fisk,-0.09070836674707111
3,4,short_par4,Michael Thorbjornsen,-0.11066313365902541
3,4,short_par4,Joseph Bramlett,-0.213828674394594
3,4,short_par4,Alex Smalley,0.058383300601133184
3,4,short_par4,Emiliano Grillo,-0.04404676547033068
3,4,short_par4,Adam Scott,0.0048314842682586215
3,4,short_par4,Sami Valimaki,-0.10824249818987947
3,4,short_par4,Thomas Rosenmueller,-0.3087412232371639
3,4,short_par4,Davis Thompson,-0.054537474536199476
3,4,short_par4,Chris Gotterup,-0.028239361862597227
3,4,short_par4,Ludvig √Öberg,-0.04802284574913348
3,4,short_par4,Greyson Sigg,-0.13169370574772293
3,4,short_par4,Henrik Norlander,-0.23781647570122152
3,4,short_par4,Patrick Fishburn,0.012154317985978946
3,4,short_par4,Antoine Rozner,-0.21961546424584844
3,4,short_par4,Ricky Castillo,-0.00766410913754506
3,4,short_par4,Ryan Fox,0.01684235774866752
3,4,short_par4,Luke Clanton,-0.15957743849835765
3,4,short_par4,Mac Meissner,-0.01996229903165547
3,4,short_par4,Zac Blair,-0.14954100302529738
3,4,short_par4,Matt Fitzpatrick,0.06197739554426019
3,4,short_par4,Max McGreevy,-0.07527370804184391
3,4,short_par4,Kevin Roy,0.01553961597968311
3,4,short_par4,Harry Hall,0.0009509223821363167
3,4,short_par4,Jesper Svensson,-0.07256470218932062
3,4,short_par4,J.T. Poston,0.07287707538630306
3,4,short_par4,Austin Eckroat,-0.19911611756870248
3,4,short_par4,Ryo Hisatsune,-0.04110294145786121
3,4,short_par4,Jake Knapp,-0.05048373279158045
3,4,short_par4,Rickie Fowler,-0.02759738983548932
3,4,short_par4,Cameron Young,-0.05806800031214022
3,4,short_par4,Jhonattan Vegas,-0.14580683994450616
3,4,short_par4,Joel Dahmen,-0.12058403458570192
3,4,short_par4,Harris English,-0.03331455749739076
3,4,short_par4,Sam Burns,-0.1110931855781584
3,4,short_par4,Denny McCarthy,-0.11768890271025242
3,4,short_par4,Matt Wallace,-0.029401222084989874
3,4,short_par4,Garrick Higgo,-0.045891967285558305
4,3,long_par3,Scottie Scheffler,0.6601486032781821
4,3,long_par3,Tommy Fleetwood,0.4261532192396198
4,3,long_par3,Collin Morikawa,0.04626965044771733
4,3,long_par3,J.J. Spaun,0.22015129597134808
4,3,long_par3,Viktor Hovland,0.09842653544445355
4,3,long_par3,Rico Hoey,-0.2789505955965125
4,3,long_par3,Sepp Straka,0.17450268916186937
4,3,long_par3,Russell Henley,0.3543427900163269
4,3,long_par3,Patrick Cantlay,0.21280308445593588
4,3,long_par3,Shane Lowry,0.10631003287817914
4,3,long_par3,Rory McIlroy,0.1514251520016232
4,3,long_par3,Kurt Kitayama,0.05032347354133451
4,3,long_par3,Ben Griffin,0.27973865739567083
4,3,long_par3,Aaron Rai,0.09731756193035983
4,3,long_par3,Si Woo Kim,0.05579807202509646
4,3,long_par3,Nicolai H√∏jgaard,0.0151361106356232
4,3,long_par3,Kevin Yu,-0.028135278500851294
4,3,long_par3,Ben Kohles,-0.0867154961071016
4,3,long_par3,Daniel Berger,-0.05005702791273703
4,3,long_par3,Keegan Bradley,0.17097903518643043
4,3,long_par3,Doug Ghim,-0.19283831226241077
4,3,long_par3,Xander Schauffele,0.033286040632423436
4,3,long_par3,Akshay Bhatia,0.025947118549921926
4,3,long_par3,Robert MacIntyre,0.20237947013682303
4,3,long_par3,Pierceson Coody,-0.16027551866039041
4,3,long_par3,Corey Conners,0.01502516272100511
4,3,long_par3,Lee Hodges,0.12278388123937108
4,3,long_par3,Jordan Spieth,0.20383608014223217
4,3,long_par3,Justin Thomas,0.23098069522950923
4,3,long_par3,Lucas Glover,0.002889431670249252
4,3,long_par3,Hideki Matsuyama,0.127159700443485
4,3,long_par3,Victor Perez,0.010179846180937353
4,3,long_par3,Ryan Gerard,-0.028388255609280596
4,3,long_par3,Bud Cauley,0.11440370760713804
4,3,long_par3,Nick Taylor,0.127300392486585
4,3,long_par3,Taylor Pendrith,-0.05131179302221702
4,3,long_par3,Keith Mitchell,-0.11050473454609039
4,3,long_par3,Maverick McNealy,0.0571995250288435
4,3,long_par3,Michael Kim,0.11543450969944088
4,3,long_par3,Chris Kirk,-0.006528593053085549
4,3,long_par3,Thorbj√∏rn Olesen,0.09623147215553893
4,3,long_par3,Gary Woodland,-0.1402562586900241
4,3,long_par3,Steven Fisk,-0.13049772819425473
4,3,long_par3,Michael Thorbjornsen,-0.19833026288041114
4,3,long_par3,Joseph Bramlett,-0.2504755396268081
4,3,long_par3,Alex Smalley,0.023869280697669013
4,3,long_par3,Emiliano Grillo,-0.046830294782223635
4,3,long_par3,Adam Scott,-0.018785951486801847
4,3,long_par3,Sami Valimaki,-0.03828957171447298
4,3,long_par3,Thomas Rosenmueller,-0.35546887696473983
4,3,long_par3,Davis Thompson,-0.1089483320698126
4,3,long_par3,Chris Gotterup,-0.11315846638443447
4,3,long_par3,Ludvig √Öberg,-0.12260358744553296
4,3,long_par3,Greyson Sigg,-0.10588368258992613
4,3,long_par3,Henrik Norlander,-0.15623395653492342
4,3,long_par3,Patrick Fishburn,-0.004013991950330964
4,3,long_par3,Antoine Rozner,-0.20503733770699345
4,3,long_par3,Ricky Castillo,-0.044724490458057424
4,3,long_par3,Ryan Fox,0.06431814505354064
4,3,long_par3,Luke Clanton,-0.19272656026817347
4,3,long_par3,Mac Meissner,0.04428044040298639
4,3,long_par3,Zac Blair,-0.06848543711979505
4,3,long_par3,Matt Fitzpatrick,0.07329688403911844
4,3,long_par3,Max McGreevy,-0.13005856128195306
4,3,long_par3,Kevin Roy,-0.013153985315994574
4,3,long_par3,Harry Hall,-0.005351044409766504
4,3,long_par3,Jesper Svensson,-0.16738021405997722
4,3,long_par3,J.T. Poston,0.08283494109338214
4,3,long_par3,Austin Eckroat,-0.22582311593012988
4,3,long_par3,Ryo Hisatsune,-0.03464700340963255
4,3,long_par3,Jake Knapp,-0.09587667560852838
4,3,long_par3,Rickie Fowler,-0.05812410144832189
4,3,long_par3,Cameron Young,-0.1310438582145306
4,3,long_par3,Jhonattan Vegas,-0.1785044275088087
4,3,long_par3,Joel Dahmen,-0.13360124814323313
4,3,long_par3,Harris English,-0.08351435093619992
4,3,long_par3,Sam Burns,-0.1788355488394053
4,3,long_par3,Denny McCarthy,-0.08645078261833364
4,3,long_par3,Matt Wallace,0.010501502169966473
4,3,long_par3,Garrick Higgo,-0.0871433411267326
5,4,long_par4,Scottie Scheffler,0.6888485287685531
5,4,long_par4,Tommy Fleetwood,0.35785061612964114
5,4,long_par4,Collin Morikawa,0.12278602275031596
5,4,long_par4,J.J. Spaun,0.21088232036320528
5,4,long_par4,Viktor Hovland,0.07194346533891084
5,4,long_par4,Rico Hoey,-0.10981303040163709
5,4,long_par4,Sepp Straka,0.15847942687269084
5,4,long_par4,Russell Henley,0.23891146070293662
5,4,long_par4,Patrick Cantlay,0.20793764454002925
5,4,long_par4,Shane Lowry,0.06271875455110393
5,4,long_par4,Rory McIlroy,0.2151478297753459
5,4,long_par4,Kurt Kitayama,0.12009917052038446
5,4,long_par4,Ben Griffin,0.22393062907061836
5,4,long_par4,Aaron Rai,0.12837683919173862
5,4,long_par4,Si Woo Kim,0.060824140718111264
5,4,long_par4,Nicolai H√∏jgaard,0.028791005278628146
5,4,long_par4,Kevin Yu,0.08416165497571804
5,4,long_par4,Ben Kohles,-0.0762388851771362
5,4,long_par4,Daniel Berger,0.025245923033287033
5,4,long_par4,Keegan Bradley,0.14502197436702224
5,4,long_par4,Doug Ghim,-0.14134112433526264
5,4,long_par4,Xander Schauffele,0.004709383490863452
5,4,long_par4,Akshay Bhatia,-0.014127309324678147
5,4,long_par4,Robert MacIntyre,0.17110530361130752
5,4,long_par4,Pierceson Coody,-0.004326643055284576
5,4,long_par4,Corey Conners,0.06471410177149084
5,4,long_par4,Lee Hodges,0.07426545165184337
5,4,long_par4,Jordan Spieth,0.19015146573158473
5,4,long_par4,Justin Thomas,0.1438382314290214
5,4,long_par4,Lucas Glover,-0.026623766780082866
5,4,long_par4,Hideki Matsuyama,-0.024836071170773896
5,4,long_par4,Victor Perez,-0.01148799102553224
5,4,long_par4,Ryan Gerard,-0.03376392869922531
5,4,long_par4,Bud Cauley,0.08573343640755786
5,4,long_par4,Nick Taylor,0.0480631699041457
5,4,long_par4,Taylor Pendrith,0.03458313813396505
5,4,long_par4,Keith Mitchell,-0.006316280719498232
5,4,long_par4,Maverick McNealy,0.038824284692363056
5,4,long_par4,Michael Kim,0.04838888856605445
5,4,long_par4,Chris Kirk,-0.03232887530289467
5,4,long_par4,Thorbj√∏rn Olesen,0.07439434659252314
5,4,long_par4,Gary Woodland,-0.0914950610957564
5,4,long_par4,Steven Fisk,-0.08017550373621654
5,4,long_par4,Michael Thorbjornsen,-0.06778510737672223
5,4,long_par4,Joseph Bramlett,-0.21082489675814875
5,4,long_par4,Alex Smalley,0.05488070500692347
5,4,long_par4,Emiliano Grillo,-0.03916698891241228
5,4,long_par4,Adam Scott,0.01685549052256771
5,4,long_par4,Sami Valimaki,-0.17406162691094726
5,4,long_par4,Thomas Rosenmueller,-0.23914456042223387
5,4,long_par4,Davis Thompson,-0.04341392205143617
5,4,long_par4,Chris Gotterup,-0.021246266664386976
5,4,long_par4,Ludvig √Öberg,-0.032490662785397355
5,4,long_par4,Greyson Sigg,-0.12972544841017658
5,4,long_par4,Henrik Norlander,-0.24599990302285485
5,4,long_par4,Patrick Fishburn,0.00801533103037694
5,4,long_par4,Antoine Rozner,-0.1856156785787787
5,4,long_par4,Ricky Castillo,-0.014743355806975594
5,4,long_par4,Ryan Fox,-0.012877258228363537
5,4,long_par4,Luke Clanton,-0.12083301537567966
5,4,long_par4,Mac Meissner,-0.08216756288543083
5,4,long_par4,Zac Blair,-0.18502665775796984
5,4,long_par4,Matt Fitzpatrick,0.016575769275950333
5,4,long_par4,Max McGreevy,-0.0635217152010943
5,4,long_par4,Kevin Roy,-0.003152762753624341
5,4,long_par4,Harry Hall,-0.15207983447183174
5,4,long_par4,Jesper Svensson,-0.07854686910646452
5,4,long_par4,J.T. Poston,0.04472338655073288
5,4,long_par4,Austin Eckroat,-0.17103487372863202
5,4,long_par4,Ryo Hisatsune,-0.05331115657854583
5,4,long_par4,Jake Knapp,-0.0888348844534015
5,4,long_par4,Rickie Fowler,-0.034420832689212484
5,4,long_par4,Cameron Young,-0.11999454460392235
5,4,long_par4,Jhonattan Vegas,-0.13323844283975064
5,4,long_par4,Joel Dahmen,-0.10920036059895315
5,4,long_par4,Harris English,-0.08329686740554973
5,4,long_par4,Sam Burns,-0.22608803554472595
5,4,long_par4,Denny McCarthy,-0.22664162313100253
5,4,long_par4,Matt Wallace,-0.13010374479839287
5,4,long_par4,Garrick Higgo,-0.1403153606405177
6,3,mid_par3,Scottie Scheffler,0.540367745283268
6,3,mid_par3,Tommy Fleetwood,0.3648981733027286
6,3,mid_par3,Collin Morikawa,0.010273794198100735
6,3,mid_par3,J.J. Spaun,0.17256553861823706
6,3,mid_par3,Viktor Hovland,0.05340129622277583
6,3,mid_par3,Rico Hoey,-0.27709833772932946
6,3,mid_par3,Sepp Straka,0.1355202233897073
6,3,mid_par3,Russell Henley,0.3153619718475447
6,3,mid_par3,Patrick Cantlay,0.1725808747111015
6,3,mid_par3,Shane Lowry,0.07322017663345277
6,3,mid_par3,Rory McIlroy,0.14809243865905744
6,3,mid_par3,Kurt Kitayama,0.03635953009439692
6,3,mid_par3,Ben Griffin,0.24580833266059837
6,3,mid_par3,Aaron Rai,0.07397771273865232
6,3,mid_par3,Si Woo Kim,0.04728135382497127
6,3,mid_par3,Nicolai H√∏jgaard,-0.006901104391045838
6,3,mid_par3,Kevin Yu,-0.03467932256413257
6,3,mid_par3,Ben Kohles,-0.09947701885141198
6,3,mid_par3,Daniel Berger,-0.06337009446328548
6,3,mid_par3,Keegan Bradley,0.16184773729717525
6,3,mid_par3,Doug Ghim,-0.18546448972079865
6,3,mid_par3,Xander Schauffele,0.012612885718746447
6,3,mid_par3,Akshay Bhatia,0.008673536625287895
6,3,mid_par3,Robert MacIntyre,0.17910185656627
6,3,mid_par3,Pierceson Coody,-0.13475204403342075
6,3,mid_par3,Corey Conners,0.0056842896427670205
6,3,mid_par3,Lee Hodges,0.1009896684364768
6,3,mid_par3,Jordan Spieth,0.18349282872237083
6,3,mid_par3,Justin Thomas,0.21385280888064845
6,3,mid_par3,Lucas Glover,-0.0036455415542100016
6,3,mid_par3,Hideki Matsuyama,0.12592305299077525
6,3,mid_par3,Victor Perez,-0.0016158958675949642
6,3,mid_par3,Ryan Gerard,-0.03578416823492619
6,3,mid_par3,Bud Cauley,0.0952264621977757
6,3,mid_par3,Nick Taylor,0.11085525667980281
6,3,mid_par3,Taylor Pendrith,-0.04159507364855305
6,3,mid_par3,Keith Mitchell,-0.10156962562862382
6,3,mid_par3,Maverick McNealy,0.053432270019500974
6,3,mid_par3,Michael Kim,0.10191369289575035
6,3,mid_par3,Chris Kirk,-0.01021874423525618
6,3,mid_par3,Thorbj√∏rn Olesen,0.09308659934008505
6,3,mid_par3,Gary Woodland,-0.1359789919013268
6,3,mid_par3,Steven Fisk,-0.11052368156491857
6,3,mid_par3,Michael Thorbjornsen,-0.1770634899779603
6,3,mid_par3,Joseph Bramlett,-0.2153118960347394
6,3,mid_par3,Alex Smalley,0.03140433135064389
6,3,mid_par3,Emiliano Grillo,-0.04529283293451048
6,3,mid_par3,Adam Scott,-0.01528006298516111
6,3,mid_par3,Sami Valimaki,-0.028635929984457537
6,3,mid_par3,Thomas Rosenmueller,-0.3374925261716322
6,3,mid_par3,Davis Thompson,-0.08875662147132253
6,3,mid_par3,Chris Gotterup,-0.08647106049901912
6,3,mid_par3,Ludvig √Öberg,-0.10112395720684575
6,3,mid_par3,Greyson Sigg,-0.09961431216507556
6,3,mid_par3,Henrik Norlander,-0.15594193758463196
6,3,mid_par3,Patrick Fishburn,0.002043690086674633
6,3,mid_par3,Antoine Rozner,-0.20079924310783592
6,3,mid_par3,Ricky Castillo,-0.027214765486846166
6,3,mid_par3,Ryan Fox,0.05999286422046656
6,3,mid_par3,Luke Clanton,-0.180677661053988
6,3,mid_par3,Mac Meissner,0.05165655585516459
6,3,mid_par3,Zac Blair,-0.06562410931478409
6,3,mid_par3,Matt Fitzpatrick,0.0812384857835717
6,3,mid_par3,Max McGreevy,-0.10998502692207361
6,3,mid_par3,Kevin Roy,0.0018027143835700062
6,3,mid_par3,Harry Hall,0.05135896039251509
6,3,mid_par3,Jesper Svensson,-0.12734702255750055
6,3,mid_par3,J.T. Poston,0.0856554386299709
6,3,mid_par3,Austin Eckroat,-0.20949984884330763
6,3,mid_par3,Ryo Hisatsune,-0.024498495425498677
6,3,mid_par3,Jake Knapp,-0.06365438729776994
6,3,mid_par3,Rickie Fowler,-0.042646719663090575
6,3,mid_par3,Cameron Young,-0.08190966603747558
6,3,mid_par3,Jhonattan Vegas,-0.15705163085932547
6,3,mid_par3,Joel Dahmen,-0.12012805570106258
6,3,mid_par3,Harris English,-0.04688584595496279
6,3,mid_par3,Sam Burns,-0.10898772080600141
6,3,mid_par3,Denny McCarthy,-0.04729010208367558
6,3,mid_par3,Matt Wallace,0.04226060026412584
6,3,mid_par3,Garrick Higgo,-0.03595668664534235
7,4,long_par4_tight,Scottie Scheffler,0.7985635242454312
7,4,long_par4_tight,Tommy Fleetwood,0.43862009740370583
7,4,long_par4_tight,Collin Morikawa,0.10406831586460798
7,4,long_par4_tight,J.J. Spaun,0.2336766189832619
7,4,long_par4_tight,Viktor Hovland,0.025596797526630074
7,4,long_par4_tight,Rico Hoey,-0.20651826047138216
7,4,long_par4_tight,Sepp Straka,0.17059756428813808
7,4,long_par4_tight,Russell Henley,0.30516208187429567
7,4,long_par4_tight,Patrick Cantlay,0.24732652734992355
7,4,long_par4_tight,Shane Lowry,0.04040685124778701
7,4,long_par4_tight,Rory McIlroy,0.29094114438330554
7,4,long_par4_tight,Kurt Kitayama,0.14548989840780635
7,4,long_par4_tight,Ben Griffin,0.28908324408271135
7,4,long_par4_tight,Aaron Rai,0.152202389323465
7,4,long_par4_tight,Si Woo Kim,0.07202745370507632
7,4,long_par4_tight,Nicolai H√∏jgaard,0.0004424639083492435
7,4,long_par4_tight,Kevin Yu,0.09625615452052705
7,4,long_par4_tight,Ben Kohles,-0.13939873824163135
7,4,long_par4_tight,Daniel Berger,0.006513921988861489
7,4,long_par4_tight,Keegan Bradley,0.20829824452294174
7,4,long_par4_tight,Doug Ghim,-0.21491322090602052
7,4,long_par4_tight,Xander Schauffele,-0.019584152835113146
7,4,long_par4_tight,Akshay Bhatia,-0.048463657655221114
7,4,long_par4_tight,Robert MacIntyre,0.2356374606866503
7,4,long_par4_tight,Pierceson Coody,0.004273141654817097
7,4,long_par4_tight,Corey Conners,0.07881304695965001
7,4,long_par4_tight,Lee Hodges,0.09096344776264609
7,4,long_par4_tight,Jordan Spieth,0.2677535575193234
7,4,long_par4_tight,Justin Thomas,0.20473099938727762
7,4,long_par4_tight,Lucas Glover,-0.04261084085931427
7,4,long_par4_tight,Hideki Matsuyama,-0.025389979729913296
7,4,long_par4_tight,Victor Perez,-0.03238463316019758
7,4,long_par4_tight,Ryan Gerard,-0.05681232348065235
7,4,long_par4_tight,Bud Cauley,0.11187984302917424
7,4,long_par4_tight,Nick Taylor,0.0624516639302931
7,4,long_par4_tight,Taylor Pendrith,0.05735313416145399
7,4,long_par4_tight,Keith Mitchell,-0.0071306573865862165
7,4,long_par4_tight,Maverick McNealy,0.05827232694417569
7,4,long_par4_tight,Michael Kim,0.07057445915678043
7,4,long_par4_tight,Chris Kirk,-0.04165196070052887
7,4,long_par4_tight,Thorbj√∏rn Olesen,0.11675989755343237
7,4,long_par4_tight,Gary Woodland,-0.14094692568795109
7,4,long_par4_tight,Steven Fisk,-0.09311016257968542
7,4,long_par4_tight,Michael Thorbjornsen,-0.08627838235534306
7,4,long_par4_tight,Joseph Bramlett,-0.2727662971272156
7,4,long_par4_tight,Alex Smalley,0.0984826797522001
7,4,long_par4_tight,Emiliano Grillo,-0.05623339450405713
7,4,long_par4_tight,Adam Scott,0.03835987658619412
7,4,long_par4_tight,Sami Valimaki,-0.24374165376915
7,4,long_par4_tight,Thomas Rosenmueller,-0.34196877208724613
7,4,long_par4_tight,Davis Thompson,-0.03642526827563702
7,4,long_par4_tight,Chris Gotterup,-8.989825098259726e-07
7,4,long_par4_tight,Ludvig √Öberg,-0.022558107277478336
7,4,long_par4_tight,Greyson Sigg,-0.1719399906380649
7,4,long_par4_tight,Henrik Norlander,-0.35620274738306035
7,4,long_par4_tight,Patrick Fishburn,0.03168227701923923
7,4,long_par4_tight,Antoine Rozner,-0.2664646897718232
7,4,long_par4_tight,Ricky Castillo,0.010890774074266862
7,4,long_par4_tight,Ryan Fox,-0.005251139180211714
7,4,long_par4_tight,Luke Clanton,-0.16134731543695338
7,4,long_par4_tight,Mac Meissner,-0.08893876697975135
7,4,long_par4_tight,Zac Blair,-0.25339450908460714
7,4,long_par4_tight,Matt Fitzpatrick,0.054522762764054704
7,4,long_par4_tight,Max McGreevy,-0.060669744138671204
7,4,long_par4_tight,Kevin Roy,0.029177191646167732
7,4,long_par4_tight,Harry Hall,-0.14887533033723033
7,4,long_par4_tight,Jesper Svensson,-0.06501833723068949
7,4,long_par4_tight,J.T. Poston,0.09610703743047118
7,4,long_par4_tight,Austin Eckroat,-0.22904595730768762
7,4,long_par4_tight,Ryo Hisatsune,-0.04603318280939471
7,4,long_par4_tight,Jake Knapp,-0.08470731085929019
7,4,long_par4_tight,Rickie Fowler,-0.01477448835905348
7,4,long_par4_tight,Cameron Young,-0.1181300557148517
7,4,long_par4_tight,Jhonattan Vegas,-0.1569760371082771
7,4,long_par4_tight,Joel Dahmen,-0.1287917538870752
7,4,long_par4_tight,Harris English,-0.06667863528586974
7,4,long_par4_tight,Sam Burns,-0.2562441344968774
7,4,long_par4_tight,Denny McCarthy,-0.27421327103360815
7,4,long_par4_tight,Matt Wallace,-0.12494837109251952
7,4,long_par4_tight,Garrick Higgo,-0.13642481543669305
8,5,reachable_par5,Scottie Scheffler,0.8945185699033301
8,5,reachable_par5,Tommy Fleetwood,0.4776708966721455
8,5,reachable_par5,Collin Morikawa,0.11541242368922129
8,5,reachable_par5,J.J. Spaun,0.23865517037327408
8,5,reachable_par5,Viktor Hovland,0.007916206960532657
8,5,reachable_par5,Rico Hoey,-0.17721466350263154
8,5,reachable_par5,Sepp Straka,0.16215235553828772
8,5,reachable_par5,Russell Henley,0.3549057045854308
8,5,reachable_par5,Patrick Cantlay,0.2506424546122578
8,5,reachable_par5,Shane Lowry,0.03598739456037314
8,5,reachable_par5,Rory McIlroy,0.3529834368811168
8,5,reachable_par5,Kurt Kitayama,0.17794035853615195
8,5,reachable_par5,Ben Griffin,0.3047575291644202
8,5,reachable_par5,Aaron Rai,0.16116599700651976
8,5,reachable_par5,Si Woo Kim,0.11353752935360246
8,5,reachable_par5,Nicolai H√∏jgaard,-0.03306728992340792
8,5,reachable_par5,Kevin Yu,0.10094129730781112
8,5,reachable_par5,Ben Kohles,-0.15399282212464036
8,5,reachable_par5,Daniel Berger,-0.011496311260063808
8,5,reachable_par5,Keegan Bradley,0.25897273876934745
8,5,reachable_par5,Doug Ghim,-0.19843581901384
8,5,reachable_par5,Xander Schauffele,-0.0422711225783974
8,5,reachable_par5,Akshay Bhatia,-0.0856193126724186
8,5,reachable_par5,Robert MacIntyre,0.23105544003497155
8,5,reachable_par5,Pierceson Coody,0.043150913058383866
8,5,reachable_par5,Corey Conners,0.06296913762693866
8,5,reachable_par5,Lee Hodges,0.07469272917223345
8,5,reachable_par5,Jordan Spieth,0.27739639734066684
8,5,reachable_par5,Justin Thomas,0.22092604345220435
8,5,reachable_par5,Lucas Glover,-0.0451881370407442
8,5,reachable_par5,Hideki Matsuyama,0.01082363979869903
8,5,reachable_par5,Victor Perez,-0.06936365042440791
8,5,reachable_par5,Ryan Gerard,-0.07129388077249078
8,5,reachable_par5,Bud Cauley,0.09066485332268769
8,5,reachable_par5,Nick Taylor,0.048190796767759565
8,5,reachable_par5,Taylor Pendrith,0.06781497402116808
8,5,reachable_par5,Keith Mitchell,-0.016212295227027673
8,5,reachable_par5,Maverick McNealy,0.04462228287532416
8,5,reachable_par5,Michael Kim,0.06222903054821237
8,5,reachable_par5,Chris Kirk,-0.05028912027295678
8,5,reachable_par5,Thorbj√∏rn Olesen,0.11143532747245455
8,5,reachable_par5,Gary Woodland,-0.18873294976274593
8,5,reachable_par5,Steven Fisk,-0.06966019699917467
8,5,reachable_par5,Michael Thorbjornsen,-0.09365077979306985
8,5,reachable_par5,Joseph Bramlett,-0.22575929061716257
8,5,reachable_par5,Alex Smalley,0.11057770858487152
8,5,reachable_par5,Emiliano Grillo,-0.09025068001045572
8,5,reachable_par5,Adam Scott,0.029067775812375136
8,5,reachable_par5,Sami Valimaki,-0.27065941105275904
8,5,reachable_par5,Thomas Rosenmueller,-0.3962366161300811
8,5,reachable_par5,Davis Thompson,-0.018666219622642564
8,5,reachable_par5,Chris Gotterup,0.021047242813375104
8,5,reachable_par5,Ludvig √Öberg,-0.02423666814190427
8,5,reachable_par5,Greyson Sigg,-0.19236648134321996
8,5,reachable_par5,Henrik Norlander,-0.4205621101456893
8,5,reachable_par5,Patrick Fishburn,0.010852316259975268
8,5,reachable_par5,Antoine Rozner,-0.32905910766289004
8,5,reachable_par5,Ricky Castillo,0.02553307830771602
8,5,reachable_par5,Ryan Fox,-0.03165796401542126
8,5,reachable_par5,Luke Clanton,-0.20408673931566276
8,5,reachable_par5,Mac Meissner,-0.08787759322795988
8,5,reachable_par5,Zac Blair,-0.2944989416699893
8,5,reachable_par5,Matt Fitzpatrick,0.05098995163756841
8,5,reachable_par5,Max McGreevy,-0.07760837471415205
8,5,reachable_par5,Kevin Roy,0.02078882331812332
8,5,reachable_par5,Harry Hall,-0.06884423495684826
8,5,reachable_par5,Jesper Svensson,-0.03641549149011144
8,5,reachable_par5,J.T. Poston,0.0913212210890929
8,5,reachable_par5,Austin Eckroat,-0.29233773600683666
8,5,reachable_par5,Ryo Hisatsune,-0.05834675953654357
8,5,reachable_par5,Jake Knapp,-0.0855073109634206
8,5,reachable_par5,Rickie Fowler,-0.037924711455163955
8,5,reachable_par5,Cameron Young,-0.08956938915832653
8,5,reachable_par5,Jhonattan Vegas,-0.18813896187563905
8,5,reachable_par5,Joel Dahmen,-0.16762999929445674
8,5,reachable_par5,Harris English,-0.05670346488893639
8,5,reachable_par5,Sam Burns,-0.20332246991065073
8,5,reachable_par5,Denny McCarthy,-0.2731412788580011
8,5,reachable_par5,Matt Wallace,-0.08663500780320647
8,5,reachable_par5,Garrick Higgo,-0.09977838199247396
9,4,long_par4,Scottie Scheffler,0.6888485287685531
9,4,long_par4,Tommy Fleetwood,0.35785061612964114
9,4,long_par4,Collin Morikawa,0.12278602275031596
9,4,long_par4,J.J. Spaun,0.21088232036320528
9,4,long_par4,Viktor Hovland,0.07194346533891084
9,4,long_par4,Rico Hoey,-0.10981303040163709
9,4,long_par4,Sepp Straka,0.15847942687269084
9,4,long_par4,Russell Henley,0.23891146070293662
9,4,long_par4,Patrick Cantlay,0.20793764454002925
9,4,long_par4,Shane Lowry,0.06271875455110393
9,4,long_par4,Rory McIlroy,0.2151478297753459
9,4,long_par4,Kurt Kitayama,0.12009917052038446
9,4,long_par4,Ben Griffin,0.22393062907061836
9,4,long_par4,Aaron Rai,0.12837683919173862
9,4,long_par4,Si Woo Kim,0.060824140718111264
9,4,long_par4,Nicolai H√∏jgaard,0.028791005278628146
9,4,long_par4,Kevin Yu,0.08416165497571804
9,4,long_par4,Ben Kohles,-0.0762388851771362
9,4,long_par4,Daniel Berger,0.025245923033287033
9,4,long_par4,Keegan Bradley,0.14502197436702224
9,4,long_par4,Doug Ghim,-0.14134112433526264
9,4,long_par4,Xander Schauffele,0.004709383490863452
9,4,long_par4,Akshay Bhatia,-0.014127309324678147
9,4,long_par4,Robert MacIntyre,0.17110530361130752
9,4,long_par4,Pierceson Coody,-0.004326643055284576
9,4,long_par4,Corey Conners,0.06471410177149084
9,4,long_par4,Lee Hodges,0.07426545165184337
9,4,long_par4,Jordan Spieth,0.19015146573158473
9,4,long_par4,Justin Thomas,0.1438382314290214
9,4,long_par4,Lucas Glover,-0.026623766780082866
9,4,long_par4,Hideki Matsuyama,-0.024836071170773896
9,4,long_par4,Victor Perez,-0.01148799102553224
9,4,long_par4,Ryan Gerard,-0.03376392869922531
9,4,long_par4,Bud Cauley,0.08573343640755786
9,4,long_par4,Nick Taylor,0.0480631699041457
9,4,long_par4,Taylor Pendrith,0.03458313813396505
9,4,long_par4,Keith Mitchell,-0.006316280719498232
9,4,long_par4,Maverick McNealy,0.038824284692363056
9,4,long_par4,Michael Kim,0.04838888856605445
9,4,long_par4,Chris Kirk,-0.03232887530289467
9,4,long_par4,Thorbj√∏rn Olesen,0.07439434659252314
9,4,long_par4,Gary Woodland,-0.0914950610957564
9,4,long_par4,Steven Fisk,-0.08017550373621654
9,4,long_par4,Michael Thorbjornsen,-0.06778510737672223
9,4,long_par4,Joseph Bramlett,-0.21082489675814875
9,4,long_par4,Alex Smalley,0.05488070500692347
9,4,long_par4,Emiliano Grillo,-0.03916698891241228
9,4,long_par4,Adam Scott,0.01685549052256771
9,4,long_par4,Sami Valimaki,-0.17406162691094726
9,4,long_par4,Thomas Rosenmueller,-0.23914456042223387
9,4,long_par4,Davis Thompson,-0.04341392205143617
9,4,long_par4,Chris Gotterup,-0.021246266664386976
9,4,long_par4,Ludvig √Öberg,-0.032490662785397355
9,4,long_par4,Greyson Sigg,-0.12972544841017658
9,4,long_par4,Henrik Norlander,-0.24599990302285485
9,4,long_par4,Patrick Fishburn,0.00801533103037694
9,4,long_par4,Antoine Rozner,-0.1856156785787787
9,4,long_par4,Ricky Castillo,-0.014743355806975594
9,4,long_par4,Ryan Fox,-0.012877258228363537
9,4,long_par4,Luke Clanton,-0.12083301537567966
9,4,long_par4,Mac Meissner,-0.08216756288543083
9,4,long_par4,Zac Blair,-0.18502665775796984
9,4,long_par4,Matt Fitzpatrick,0.016575769275950333
9,4,long_par4,Max McGreevy,-0.0635217152010943
9,4,long_par4,Kevin Roy,-0.003152762753624341
9,4,long_par4,Harry Hall,-0.15207983447183174
9,4,long_par4,Jesper Svensson,-0.07854686910646452
9,4,long_par4,J.T. Poston,0.04472338655073288
9,4,long_par4,Austin Eckroat,-0.17103487372863202
9,4,long_par4,Ryo Hisatsune,-0.05331115657854583
9,4,long_par4,Jake Knapp,-0.0888348844534015
9,4,long_par4,Rickie Fowler,-0.034420832689212484
9,4,long_par4,Cameron Young,-0.11999454460392235
9,4,long_par4,Jhonattan Vegas,-0.13323844283975064
9,4,long_par4,Joel Dahmen,-0.10920036059895315
9,4,long_par4,Harris English,-0.08329686740554973
9,4,long_par4,Sam Burns,-0.22608803554472595
9,4,long_par4,Denny McCarthy,-0.22664162313100253
9,4,long_par4,Matt Wallace,-0.13010374479839287
9,4,long_par4,Garrick Higgo,-0.1403153606405177
10,4,long_par4_tight,Scottie Scheffler,0.7985635242454312
10,4,long_par4_tight,Tommy Fleetwood,0.43862009740370583
10,4,long_par4_tight,Collin Morikawa,0.10406831586460798
10,4,long_par4_tight,J.J. Spaun,0.2336766189832619
10,4,long_par4_tight,Viktor Hovland,0.025596797526630074
10,4,long_par4_tight,Rico Hoey,-0.20651826047138216
10,4,long_par4_tight,Sepp Straka,0.17059756428813808
10,4,long_par4_tight,Russell Henley,0.30516208187429567
10,4,long_par4_tight,Patrick Cantlay,0.24732652734992355
10,4,long_par4_tight,Shane Lowry,0.04040685124778701
10,4,long_par4_tight,Rory McIlroy,0.29094114438330554
10,4,long_par4_tight,Kurt Kitayama,0.14548989840780635
10,4,long_par4_tight,Ben Griffin,0.28908324408271135
10,4,long_par4_tight,Aaron Rai,0.152202389323465
10,4,long_par4_tight,Si Woo Kim,0.07202745370507632
10,4,long_par4_tight,Nicolai H√∏jgaard,0.0004424639083492435
10,4,long_par4_tight,Kevin Yu,0.09625615452052705
10,4,long_par4_tight,Ben Kohles,-0.13939873824163135
10,4,long_par4_tight,Daniel Berger,0.006513921988861489
10,4,long_par4_tight,Keegan Bradley,0.20829824452294174
10,4,long_par4_tight,Doug Ghim,-0.21491322090602052
10,4,long_par4_tight,Xander Schauffele,-0.019584152835113146
10,4,long_par4_tight,Akshay Bhatia,-0.048463657655221114
10,4,long_par4_tight,Robert MacIntyre,0.2356374606866503
10,4,long_par4_tight,Pierceson Coody,0.004273141654817097
10,4,long_par4_tight,Corey Conners,0.07881304695965001
10,4,long_par4_tight,Lee Hodges,0.09096344776264609
10,4,long_par4_tight,Jordan Spieth,0.2677535575193234
10,4,long_par4_tight,Justin Thomas,0.20473099938727762
10,4,long_par4_tight,Lucas Glover,-0.04261084085931427
10,4,long_par4_tight,Hideki Matsuyama,-0.025389979729913296
10,4,long_par4_tight,Victor Perez,-0.03238463316019758
10,4,long_par4_tight,Ryan Gerard,-0.05681232348065235
10,4,long_par4_tight,Bud Cauley,0.11187984302917424
10,4,long_par4_tight,Nick Taylor,0.0624516639302931
10,4,long_par4_tight,Taylor Pendrith,0.05735313416145399
10,4,long_par4_tight,Keith Mitchell,-0.0071306573865862165
10,4,long_par4_tight,Maverick McNealy,0.05827232694417569
10,4,long_par4_tight,Michael Kim,0.07057445915678043
10,4,long_par4_tight,Chris Kirk,-0.04165196070052887
10,4,long_par4_tight,Thorbj√∏rn Olesen,0.11675989755343237
10,4,long_par4_tight,Gary Woodland,-0.14094692568795109
10,4,long_par4_tight,Steven Fisk,-0.09311016257968542
10,4,long_par4_tight,Michael Thorbjornsen,-0.08627838235534306
10,4,long_par4_tight,Joseph Bramlett,-0.2727662971272156
10,4,long_par4_tight,Alex Smalley,0.0984826797522001
10,4,long_par4_tight,Emiliano Grillo,-0.05623339450405713
10,4,long_par4_tight,Adam Scott,0.03835987658619412
10,4,long_par4_tight,Sami Valimaki,-0.24374165376915
10,4,long_par4_tight,Thomas Rosenmueller,-0.34196877208724613
10,4,long_par4_tight,Davis Thompson,-0.03642526827563702
10,4,long_par4_tight,Chris Gotterup,-8.989825098259726e-07
10,4,long_par4_tight,Ludvig √Öberg,-0.022558107277478336
10,4,long_par4_tight,Greyson Sigg,-0.1719399906380649
10,4,long_par4_tight,Henrik Norlander,-0.35620274738306035
10,4,long_par4_tight,Patrick Fishburn,0.03168227701923923
10,4,long_par4_tight,Antoine Rozner,-0.2664646897718232
10,4,long_par4_tight,Ricky Castillo,0.010890774074266862
10,4,long_par4_tight,Ryan Fox,-0.005251139180211714
10,4,long_par4_tight,Luke Clanton,-0.16134731543695338
10,4,long_par4_tight,Mac Meissner,-0.08893876697975135
10,4,long_par4_tight,Zac Blair,-0.25339450908460714
10,4,long_par4_tight,Matt Fitzpatrick,0.054522762764054704
10,4,long_par4_tight,Max McGreevy,-0.060669744138671204
10,4,long_par4_tight,Kevin Roy,0.029177191646167732
10,4,long_par4_tight,Harry Hall,-0.14887533033723033
10,4,long_par4_tight,Jesper Svensson,-0.06501833723068949
10,4,long_par4_tight,J.T. Poston,0.09610703743047118
10,4,long_par4_tight,Austin Eckroat,-0.22904595730768762
10,4,long_par4_tight,Ryo Hisatsune,-0.04603318280939471
10,4,long_par4_tight,Jake Knapp,-0.08470731085929019
10,4,long_par4_tight,Rickie Fowler,-0.01477448835905348
10,4,long_par4_tight,Cameron Young,-0.1181300557148517
10,4,long_par4_tight,Jhonattan Vegas,-0.1569760371082771
10,4,long_par4_tight,Joel Dahmen,-0.1287917538870752
10,4,long_par4_tight,Harris English,-0.06667863528586974
10,4,long_par4_tight,Sam Burns,-0.2562441344968774
10,4,long_par4_tight,Denny McCarthy,-0.27421327103360815
10,4,long_par4_tight,Matt Wallace,-0.12494837109251952
10,4,long_par4_tight,Garrick Higgo,-0.13642481543669305
11,4,long_par4_water,Scottie Scheffler,0.8541228866001979
11,4,long_par4_water,Tommy Fleetwood,0.4818529652988468
11,4,long_par4_water,Collin Morikawa,0.10533902414088955
11,4,long_par4_water,J.J. Spaun,0.25588852280325813
11,4,long_par4_water,Viktor Hovland,0.047792432440684526
11,4,long_par4_water,Rico Hoey,-0.2345985544347997
11,4,long_par4_water,Sepp Straka,0.1872775028122158
11,4,long_par4_water,Russell Henley,0.35278858518384054
11,4,long_par4_water,Patrick Cantlay,0.2637427506115134
11,4,long_par4_water,Shane Lowry,0.06286872465386738
11,4,long_par4_water,Rory McIlroy,0.28557238657189177
11,4,long_par4_water,Kurt Kitayama,0.14199535177997663
11,4,long_par4_water,Ben Griffin,0.31547087904311316
11,4,long_par4_water,Aaron Rai,0.1574460033577895
11,4,long_par4_water,Si Woo Kim,0.08165636250717453
11,4,long_par4_water,Nicolai H√∏jgaard,0.00046643642461808026
11,4,long_par4_water,Kevin Yu,0.07655385380021036
11,4,long_par4_water,Ben Kohles,-0.13608809707463101
11,4,long_par4_water,Daniel Berger,-0.0060308920859191
11,4,long_par4_water,Keegan Bradley,0.22558755912661277
11,4,long_par4_water,Doug Ghim,-0.22385939208788094
11,4,long_par4_water,Xander Schauffele,-0.008504133772863628
11,4,long_par4_water,Akshay Bhatia,-0.039267434937151235
11,4,long_par4_water,Robert MacIntyre,0.2509913820712011
11,4,long_par4_water,Pierceson Coody,-0.03271260587820438
11,4,long_par4_water,Corey Conners,0.07023897974500685
11,4,long_par4_water,Lee Hodges,0.1074384914429641
11,4,long_par4_water,Jordan Spieth,0.2798378232667833
11,4,long_par4_water,Justin Thomas,0.2311497485712848
11,4,long_par4_water,Lucas Glover,-0.03348782723548547
11,4,long_par4_water,Hideki Matsuyama,0.013516397729633993
11,4,long_par4_water,Victor Perez,-0.029067966854962008
11,4,long_par4_water,Ryan Gerard,-0.054378688962427896
11,4,long_par4_water,Bud Cauley,0.12255796681333984
11,4,long_par4_water,Nick Taylor,0.0827900131419779
11,4,long_par4_water,Taylor Pendrith,0.03662232937233131
11,4,long_par4_water,Keith Mitchell,-0.03406498645788312
11,4,long_par4_water,Maverick McNealy,0.06001557577658449
11,4,long_par4_water,Michael Kim,0.08950659154070399
11,4,long_par4_water,Chris Kirk,-0.0334194849238299
11,4,long_par4_water,Thorbj√∏rn Olesen,0.12125806313210265
11,4,long_par4_water,Gary Woodland,-0.16255382037571764
11,4,long_par4_water,Steven Fisk,-0.10626304717566104
11,4,long_par4_water,Michael Thorbjornsen,-0.1243525624214936
11,4,long_par4_water,Joseph Bramlett,-0.28451816244762207
11,4,long_par4_water,Alex Smalley,0.09038444318376196
11,4,long_par4_water,Emiliano Grillo,-0.06560402543611582
11,4,long_par4_water,Adam Scott,0.029357206547158857
11,4,long_par4_water,Sami Valimaki,-0.2250326443274934
11,4,long_par4_water,Thomas Rosenmueller,-0.37893991013579936
11,4,long_par4_water,Davis Thompson,-0.05438105786951723
11,4,long_par4_water,Chris Gotterup,-0.026121299730638068
11,4,long_par4_water,Ludvig √Öberg,-0.05057575601719374
11,4,long_par4_water,Greyson Sigg,-0.16996664889209945
11,4,long_par4_water,Henrik Norlander,-0.3459567865367675
11,4,long_par4_water,Patrick Fishburn,0.022199675499681795
11,4,long_par4_water,Antoine Rozner,-0.2811618674958985
11,4,long_par4_water,Ricky Castillo,-0.0001951492864521999
11,4,long_par4_water,Ryan Fox,0.007918020647838003
11,4,long_par4_water,Luke Clanton,-0.1874296896651864
11,4,long_par4_water,Mac Meissner,-0.06440268212608398
11,4,long_par4_water,Zac Blair,-0.23461879006902014
11,4,long_par4_water,Matt Fitzpatrick,0.06186861241972106
11,4,long_par4_water,Max McGreevy,-0.0839460926951207
11,4,long_par4_water,Kevin Roy,0.019059373382931233
11,4,long_par4_water,Harry Hall,-0.13130608971226515
11,4,long_par4_water,Jesper Svensson,-0.09526612250196867
11,4,long_par4_water,J.T. Poston,0.1031532837782359
11,4,long_par4_water,Austin Eckroat,-0.257750584923781
11,4,long_par4_water,Ryo Hisatsune,-0.04844566854381462
11,4,long_par4_water,Jake Knapp,-0.10161104748784164
11,4,long_par4_water,Rickie Fowler,-0.029176280653429306
11,4,long_par4_water,Cameron Young,-0.13905227392439623
11,4,long_par4_water,Jhonattan Vegas,-0.1788406004670678
11,4,long_par4_water,Joel Dahmen,-0.1448183438471349
11,4,long_par4_water,Harris English,-0.08078249382176846
11,4,long_par4_water,Sam Burns,-0.27018955752788376
11,4,long_par4_water,Denny McCarthy,-0.26159884834195024
11,4,long_par4_water,Matt Wallace,-0.10253434716816019
11,4,long_par4_water,Garrick Higgo,-0.14341388888856477
12,3,short_par3_water,Scottie Scheffler,0.6671672646035759
12,3,short_par3_water,Tommy Fleetwood,0.4620662423730779
12,3,short_par3_water,Collin Morikawa,0.002986708052420983
12,3,short_par3_water,J.J. Spaun,0.22156360413754564
12,3,short_par3_water,Viktor Hovland,0.07050440315435423
12,3,short_par3_water,Rico Hoey,-0.38381593057914376
12,3,short_par3_water,Sepp Straka,0.17846746025675841
12,3,short_par3_water,Russell Henley,0.3942258046592405
12,3,short_par3_water,Patrick Cantlay,0.22212293791252116
12,3,short_par3_water,Shane Lowry,0.09195125051904848
12,3,short_par3_water,Rory McIlroy,0.17818092242334146
12,3,short_par3_water,Kurt Kitayama,0.03238527102741992
12,3,short_par3_water,Ben Griffin,0.3180111462570867
12,3,short_par3_water,Aaron Rai,0.0915425663246954
12,3,short_par3_water,Si Woo Kim,0.04108800303628062
12,3,short_par3_water,Nicolai H√∏jgaard,0.0018331612142107817
12,3,short_par3_water,Kevin Yu,-0.045594074392811004
12,3,short_par3_water,Ben Kohles,-0.132551641990024
12,3,short_par3_water,Daniel Berger,-0.07855281773991472
12,3,short_par3_water,Keegan Bradley,0.19330945782630882
12,3,short_par3_water,Doug Ghim,-0.2588698820800797
12,3,short_par3_water,Xander Schauffele,0.0189331713759135
12,3,short_par3_water,Akshay Bhatia,0.024816447902430785
12,3,short_par3_water,Robert MacIntyre,0.2390124327080241
12,3,short_par3_water,Pierceson Coody,-0.1881349298696222
12,3,short_par3_water,Corey Conners,0.015790202938019797
12,3,short_par3_water,Lee Hodges,0.1366156552708255
12,3,short_par3_water,Jordan Spieth,0.2381489966886892
12,3,short_par3_water,Justin Thomas,0.275970921632494
12,3,short_par3_water,Lucas Glover,-0.009727683279907254
12,3,short_par3_water,Hideki Matsuyama,0.1495519991685135
12,3,short_par3_water,Victor Perez,0.012025153369508386
12,3,short_par3_water,Ryan Gerard,-0.04732728534466213
12,3,short_par3_water,Bud Cauley,0.1326326798104876
12,3,short_par3_water,Nick Taylor,0.14837691912656473
12,3,short_par3_water,Taylor Pendrith,-0.05587729761809246
12,3,short_par3_water,Keith Mitchell,-0.12783229171268612
12,3,short_par3_water,Maverick McNealy,0.07805718518793643
12,3,short_par3_water,Michael Kim,0.13558370903581649
12,3,short_par3_water,Chris Kirk,-0.012149693150176537
12,3,short_par3_water,Thorbj√∏rn Olesen,0.12882415378746045
12,3,short_par3_water,Gary Woodland,-0.16121948315984214
12,3,short_par3_water,Steven Fisk,-0.15586416411805756
12,3,short_par3_water,Michael Thorbjornsen,-0.22883694121095124
12,3,short_par3_water,Joseph Bramlett,-0.30480962553371277
12,3,short_par3_water,Alex Smalley,0.03857275843283887
12,3,short_par3_water,Emiliano Grillo,-0.045698293154292385
12,3,short_par3_water,Adam Scott,-0.015186413210204197
12,3,short_par3_water,Sami Valimaki,-0.025429161566136376
12,3,short_par3_water,Thomas Rosenmueller,-0.42686221530721696
12,3,short_par3_water,Davis Thompson,-0.12298447239822856
12,3,short_par3_water,Chris Gotterup,-0.11578896644713185
12,3,short_par3_water,Ludvig √Öberg,-0.12804423061269218
12,3,short_par3_water,Greyson Sigg,-0.12715800024557092
12,3,short_par3_water,Henrik Norlander,-0.18717753909407783
12,3,short_par3_water,Patrick Fishburn,0.012171285216054706
12,3,short_par3_water,Antoine Rozner,-0.24552745816758006
12,3,short_par3_water,Ricky Castillo,-0.040443409249719724
12,3,short_par3_water,Ryan Fox,0.08854615497845121
12,3,short_par3_water,Luke Clanton,-0.22370555656166416
12,3,short_par3_water,Mac Meissner,0.06625043397802177
12,3,short_par3_water,Zac Blair,-0.07417561034000011
12,3,short_par3_water,Matt Fitzpatrick,0.11226548730957756
12,3,short_par3_water,Max McGreevy,-0.13424087787320402
12,3,short_par3_water,Kevin Roy,0.009390525038731692
12,3,short_par3_water,Harry Hall,0.0500755170663869
12,3,short_par3_water,Jesper Svensson,-0.1730169295545708
12,3,short_par3_water,J.T. Poston,0.11671977852982444
12,3,short_par3_water,Austin Eckroat,-0.2527665091804606
12,3,short_par3_water,Ryo Hisatsune,-0.030557671194090787
12,3,short_par3_water,Jake Knapp,-0.07627248814204701
12,3,short_par3_water,Rickie Fowler,-0.0435959252630804
12,3,short_par3_water,Cameron Young,-0.10840512088288744
12,3,short_par3_water,Jhonattan Vegas,-0.1951163872137073
12,3,short_par3_water,Joel Dahmen,-0.1451966763581881
12,3,short_par3_water,Harris English,-0.056179762367426486
12,3,short_par3_water,Sam Burns,-0.14851148711741022
12,3,short_par3_water,Denny McCarthy,-0.053593255040384306
12,3,short_par3_water,Matt Wallace,0.04249254946421975
12,3,short_par3_water,Garrick Higgo,-0.051432163473025934
13,5,reachable_par5_risky,Scottie Scheffler,1.0463097383750466
13,5,reachable_par5_risky,Tommy Fleetwood,0.559484248828828
13,5,reachable_par5_risky,Collin Morikawa,0.13471389357806396
13,5,reachable_par5_risky,J.J. Spaun,0.2755991369819311
13,5,reachable_par5_risky,Viktor Hovland,0.00245619819201805
13,5,reachable_par5_risky,Rico Hoey,-0.19917582642932607
13,5,reachable_par5_risky,Sepp Straka,0.18173245379784742
13,5,reachable_par5_risky,Russell Henley,0.42423680192192315
13,5,reachable_par5_risky,Patrick Cantlay,0.2901909465054607
13,5,reachable_par5_risky,Shane Lowry,0.041166177281052665
13,5,reachable_par5_risky,Rory McIlroy,0.4120711639929442
13,5,reachable_par5_risky,Kurt Kitayama,0.21518424163716401
13,5,reachable_par5_risky,Ben Griffin,0.35554976060229254
13,5,reachable_par5_risky,Aaron Rai,0.19106373501117943
13,5,reachable_par5_risky,Si Woo Kim,0.1442827005073902
13,5,reachable_par5_risky,Nicolai H√∏jgaard,-0.05100055032499678
13,5,reachable_par5_risky,Kevin Yu,0.11491587839681977
13,5,reachable_par5_risky,Ben Kohles,-0.1777724924330769
13,5,reachable_par5_risky,Daniel Berger,-0.017392770727896575
13,5,reachable_par5_risky,Keegan Bradley,0.31597539819736253
13,5,reachable_par5_risky,Doug Ghim,-0.22183694403612916
13,5,reachable_par5_risky,Xander Schauffele,-0.05167766812973168
13,5,reachable_par5_risky,Akshay Bhatia,-0.11179955986380744
13,5,reachable_par5_risky,Robert MacIntyre,0.27044738675914676
13,5,reachable_par5_risky,Pierceson Coody,0.05454364456957105
13,5,reachable_par5_risky,Corey Conners,0.06879902822335528
13,5,reachable_par5_risky,Lee Hodges,0.08640920985590113
13,5,reachable_par5_risky,Jordan Spieth,0.32839962377422127
13,5,reachable_par5_risky,Justin Thomas,0.2610583076469544
13,5,reachable_par5_risky,Lucas Glover,-0.04837866994607178
13,5,reachable_par5_risky,Hideki Matsuyama,0.023898677879660518
13,5,reachable_par5_risky,Victor Perez,-0.09101483288085542
13,5,reachable_par5_risky,Ryan Gerard,-0.08188678611909689
13,5,reachable_par5_risky,Bud Cauley,0.10337068965522499
13,5,reachable_par5_risky,Nick Taylor,0.054569890010286275
13,5,reachable_par5_risky,Taylor Pendrith,0.07971003631729344
13,5,reachable_par5_risky,Keith Mitchell,-0.02235556229422556
13,5,reachable_par5_risky,Maverick McNealy,0.04654192042070182
13,5,reachable_par5_risky,Michael Kim,0.07608651439436864
13,5,reachable_par5_risky,Chris Kirk,-0.05238606448373511
13,5,reachable_par5_risky,Thorbj√∏rn Olesen,0.12819411382458154
13,5,reachable_par5_risky,Gary Woodland,-0.23724292948017964
13,5,reachable_par5_risky,Steven Fisk,-0.07037356602346068
13,5,reachable_par5_risky,Michael Thorbjornsen,-0.11402614706294373
13,5,reachable_par5_risky,Joseph Bramlett,-0.24416153805242635
13,5,reachable_par5_risky,Alex Smalley,0.13299161085651878
13,5,reachable_par5_risky,Emiliano Grillo,-0.11666864497740431
13,5,reachable_par5_risky,Adam Scott,0.0366972949320983
13,5,reachable_par5_risky,Sami Valimaki,-0.32903862756752056
13,5,reachable_par5_risky,Thomas Rosenmueller,-0.46849112932362424
13,5,reachable_par5_risky,Davis Thompson,-0.013521155490725757
13,5,reachable_par5_risky,Chris Gotterup,0.029032379459534532
13,5,reachable_par5_risky,Ludvig √Öberg,-0.029714766690190304
13,5,reachable_par5_risky,Greyson Sigg,-0.21932344397797335
13,5,reachable_par5_risky,Henrik Norlander,-0.5000387291653764
13,5,reachable_par5_risky,Patrick Fishburn,0.008572100321990744
13,5,reachable_par5_risky,Antoine Rozner,-0.39281465000944027
13,5,reachable_par5_risky,Ricky Castillo,0.036837212605995366
13,5,reachable_par5_risky,Ryan Fox,-0.03983457299812449
13,5,reachable_par5_risky,Luke Clanton,-0.24360487190793956
13,5,reachable_par5_risky,Mac Meissner,-0.09643664838883724
13,5,reachable_par5_risky,Zac Blair,-0.3463487444645004
13,5,reachable_par5_risky,Matt Fitzpatrick,0.05966015080283663
13,5,reachable_par5_risky,Max McGreevy,-0.09049150585930528
13,5,reachable_par5_risky,Kevin Roy,0.023595268116408604
13,5,reachable_par5_risky,Harry Hall,-0.07541788858572145
13,5,reachable_par5_risky,Jesper Svensson,-0.03595664988060098
13,5,reachable_par5_risky,J.T. Poston,0.11286371326033909
13,5,reachable_par5_risky,Austin Eckroat,-0.3542663796987688
13,5,reachable_par5_risky,Ryo Hisatsune,-0.06396204481013272
13,5,reachable_par5_risky,Jake Knapp,-0.10535016281671128
13,5,reachable_par5_risky,Rickie Fowler,-0.04562459713927507
13,5,reachable_par5_risky,Cameron Young,-0.1093063133390515
13,5,reachable_par5_risky,Jhonattan Vegas,-0.21963606856707343
13,5,reachable_par5_risky,Joel Dahmen,-0.1973476116836368
13,5,reachable_par5_risky,Harris English,-0.06715891076810458
13,5,reachable_par5_risky,Sam Burns,-0.24374751505852488
13,5,reachable_par5_risky,Denny McCarthy,-0.32504824053848147
13,5,reachable_par5_risky,Matt Wallace,-0.08774851347655273
13,5,reachable_par5_risky,Garrick Higgo,-0.11783095202275316
14,4,mid_par4,Scottie Scheffler,0.5885819045376154
14,4,mid_par4,Tommy Fleetwood,0.32021699624570604
14,4,mid_par4,Collin Morikawa,0.08352838346782325
14,4,mid_par4,J.J. Spaun,0.17451444964046525
14,4,mid_par4,Viktor Hovland,0.04595477778586505
14,4,mid_par4,Rico Hoey,-0.12775504329897544
14,4,mid_par4,Sepp Straka,0.1291729666425337
14,4,mid_par4,Russell Henley,0.2315204009582929
14,4,mid_par4,Patrick Cantlay,0.17451160442520738
14,4,mid_par4,Shane Lowry,0.04905505744137807
14,4,mid_par4,Rory McIlroy,0.1946952339626764
14,4,mid_par4,Kurt Kitayama,0.09706789947117515
14,4,mid_par4,Ben Griffin,0.20369006186121333
14,4,mid_par4,Aaron Rai,0.10360823433348804
14,4,mid_par4,Si Woo Kim,0.05875810452142772
14,4,mid_par4,Nicolai H√∏jgaard,0.007392271669594481
14,4,mid_par4,Kevin Yu,0.05433690065700666
14,4,mid_par4,Ben Kohles,-0.08081937635664625
14,4,mid_par4,Daniel Berger,-0.00026831722774358583
14,4,mid_par4,Keegan Bradley,0.1434381904228795
14,4,mid_par4,Doug Ghim,-0.13398008403641928
14,4,mid_par4,Xander Schauffele,-0.003695768354993122
14,4,mid_par4,Akshay Bhatia,-0.02109164846964543
14,4,mid_par4,Robert MacIntyre,0.1529879598850757
14,4,mid_par4,Pierceson Coody,-0.014497831218617373
14,4,mid_par4,Corey Conners,0.04348205674012975
14,4,mid_par4,Lee Hodges,0.06482767587062069
14,4,mid_par4,Jordan Spieth,0.1711478592091394
14,4,mid_par4,Justin Thomas,0.14382314340919242
14,4,mid_par4,Lucas Glover,-0.02169562744490002
14,4,mid_par4,Hideki Matsuyama,0.010489545078541553
14,4,mid_par4,Victor Perez,-0.018844359931709423
14,4,mid_par4,Ryan Gerard,-0.03538947409568399
14,4,mid_par4,Bud Cauley,0.0723601528860336
14,4,mid_par4,Nick Taylor,0.04964796711040124
14,4,mid_par4,Taylor Pendrith,0.022425926881007766
14,4,mid_par4,Keith Mitchell,-0.022535470776928457
14,4,mid_par4,Maverick McNealy,0.03490945652839966
14,4,mid_par4,Michael Kim,0.05009503368949509
14,4,mid_par4,Chris Kirk,-0.02739465973603975
14,4,mid_par4,Thorbj√∏rn Olesen,0.07064233442033407
14,4,mid_par4,Gary Woodland,-0.10012662763867645
14,4,mid_par4,Steven Fisk,-0.06937872222468384
14,4,mid_par4,Michael Thorbjornsen,-0.07797073844312735
14,4,mid_par4,Joseph Bramlett,-0.1777247555621377
14,4,mid_par4,Alex Smalley,0.051794585146393644
14,4,mid_par4,Emiliano Grillo,-0.04296051809862666
14,4,mid_par4,Adam Scott,0.01009836187382065
14,4,mid_par4,Sami Valimaki,-0.13739329438122716
14,4,mid_par4,Thomas Rosenmueller,-0.2428291465459556
14,4,mid_par4,Davis Thompson,-0.0387715044870482
14,4,mid_par4,Chris Gotterup,-0.020302729963272582
14,4,mid_par4,Ludvig √Öberg,-0.03627430577456507
14,4,mid_par4,Greyson Sigg,-0.11507192473612599
14,4,mid_par4,Henrik Norlander,-0.22164061987361552
14,4,mid_par4,Patrick Fishburn,0.005221852719355644
14,4,mid_par4,Antoine Rozner,-0.18345217787563578
14,4,mid_par4,Ricky Castillo,-0.007650327326127198
14,4,mid_par4,Ryan Fox,-0.0038180493124835985
14,4,mid_par4,Luke Clanton,-0.12580475738473632
14,4,mid_par4,Mac Meissner,-0.04825085938832332
14,4,mid_par4,Zac Blair,-0.15483893614630417
14,4,mid_par4,Matt Fitzpatrick,0.02949884599488566
14,4,mid_par4,Max McGreevy,-0.0635755570153137
14,4,mid_par4,Kevin Roy,0.001931074600671815
14,4,mid_par4,Harry Hall,-0.07563396361497458
14,4,mid_par4,Jesper Svensson,-0.06505489069636439
14,4,mid_par4,J.T. Poston,0.05033138579758289
14,4,mid_par4,Austin Eckroat,-0.17056821458542606
14,4,mid_par4,Ryo Hisatsune,-0.041692340996692355
14,4,mid_par4,Jake Knapp,-0.06892068891847297
14,4,mid_par4,Rickie Fowler,-0.03180610594203157
14,4,mid_par4,Cameron Young,-0.08619396464759749
14,4,mid_par4,Jhonattan Vegas,-0.1255771576845981
14,4,mid_par4,Joel Dahmen,-0.10441062404569602
14,4,mid_par4,Harris English,-0.05856825914115658
14,4,mid_par4,Sam Burns,-0.1612307555668858
14,4,mid_par4,Denny McCarthy,-0.16678726817594008
14,4,mid_par4,Matt Wallace,-0.07264216094448074
14,4,mid_par4,Garrick Higgo,-0.09086904779882596
15,5,reachable_par5_water,Scottie Scheffler,1.0141173963456145
15,5,reachable_par5_water,Tommy Fleetwood,0.5579520682448552
15,5,reachable_par5_water,Collin Morikawa,0.11295847329107041
15,5,reachable_par5_water,J.J. Spaun,0.27483221516909734
15,5,reachable_par5_water,Viktor Hovland,-0.002997912182840129
15,5,reachable_par5_water,Rico Hoey,-0.2571233174840108
15,5,reachable_par5_water,Sepp Straka,0.18951973161316676
15,5,reachable_par5_water,Russell Henley,0.41387477702581776
15,5,reachable_par5_water,Patrick Cantlay,0.2942051436563889
15,5,reachable_par5_water,Shane Lowry,0.03354924897158806
15,5,reachable_par5_water,Rory McIlroy,0.40715680152215844
15,5,reachable_par5_water,Kurt Kitayama,0.19378789984892442
15,5,reachable_par5_water,Ben Griffin,0.3655734814787545
15,5,reachable_par5_water,Aaron Rai,0.1842715178325245
15,5,reachable_par5_water,Si Woo Kim,0.11452931197696746
15,5,reachable_par5_water,Nicolai H√∏jgaard,-0.03754727660255058
15,5,reachable_par5_water,Kevin Yu,0.11241401377588234
15,5,reachable_par5_water,Ben Kohles,-0.19645188012107756
15,5,reachable_par5_water,Daniel Berger,-0.01845692000220912
15,5,reachable_par5_water,Keegan Bradley,0.2989710325776506
15,5,reachable_par5_water,Doug Ghim,-0.26335144508409697
15,5,reachable_par5_water,Xander Schauffele,-0.0512008795731872
15,5,reachable_par5_water,Akshay Bhatia,-0.09381973324245765
15,5,reachable_par5_water,Robert MacIntyre,0.28692054429720093
15,5,reachable_par5_water,Pierceson Coody,0.03349946922764126
15,5,reachable_par5_water,Corey Conners,0.08009802686257042
15,5,reachable_par5_water,Lee Hodges,0.09633414610651767
15,5,reachable_par5_water,Jordan Spieth,0.3377420923383725
15,5,reachable_par5_water,Justin Thomas,0.2707528546935969
15,5,reachable_par5_water,Lucas Glover,-0.058960355664402386
15,5,reachable_par5_water,Hideki Matsuyama,0.006730440724285986
15,5,reachable_par5_water,Victor Perez,-0.07185120881723292
15,5,reachable_par5_water,Ryan Gerard,-0.08796673758856527
15,5,reachable_par5_water,Bud Cauley,0.11935280378898501
15,5,reachable_par5_water,Nick Taylor,0.06585306097090475
15,5,reachable_par5_water,Taylor Pendrith,0.07850753835617523
15,5,reachable_par5_water,Keith Mitchell,-0.019431176145522887
15,5,reachable_par5_water,Maverick McNealy,0.06467512980346021
15,5,reachable_par5_water,Michael Kim,0.08251395862626407
15,5,reachable_par5_water,Chris Kirk,-0.058321768165367355
15,5,reachable_par5_water,Thorbj√∏rn Olesen,0.14594333028201706
15,5,reachable_par5_water,Gary Woodland,-0.21709645692948434
15,5,reachable_par5_water,Steven Fisk,-0.09527333085696098
15,5,reachable_par5_water,Michael Thorbjornsen,-0.11563022781051419
15,5,reachable_par5_water,Joseph Bramlett,-0.2968356647532101
15,5,reachable_par5_water,Alex Smalley,0.13450344735809472
15,5,reachable_par5_water,Emiliano Grillo,-0.09606514649704707
15,5,reachable_par5_water,Adam Scott,0.04112140457362301
15,5,reachable_par5_water,Sami Valimaki,-0.31170185383304827
15,5,reachable_par5_water,Thomas Rosenmueller,-0.4750144381142678
15,5,reachable_par5_water,Davis Thompson,-0.028766420919593173
15,5,reachable_par5_water,Chris Gotterup,0.022693448179620934
15,5,reachable_par5_water,Ludvig √Öberg,-0.02620009975662227
15,5,reachable_par5_water,Greyson Sigg,-0.22773533585823494
15,5,reachable_par5_water,Henrik Norlander,-0.49186514771094797
15,5,reachable_par5_water,Patrick Fishburn,0.02723804431460421
15,5,reachable_par5_water,Antoine Rozner,-0.3838320652134713
15,5,reachable_par5_water,Ricky Castillo,0.03161275386942683
15,5,reachable_par5_water,Ryan Fox,-0.020720738049421556
15,5,reachable_par5_water,Luke Clanton,-0.23652048522073962
15,5,reachable_par5_water,Mac Meissner,-0.09688387219469202
15,5,reachable_par5_water,Zac Blair,-0.3394916231853511
15,5,reachable_par5_water,Matt Fitzpatrick,0.07707890348078943
15,5,reachable_par5_water,Max McGreevy,-0.08301722714575195
15,5,reachable_par5_water,Kevin Roy,0.03827860771254649
15,5,reachable_par5_water,Harry Hall,-0.0850134075213792
15,5,reachable_par5_water,Jesper Svensson,-0.047432014479309975
15,5,reachable_par5_water,J.T. Poston,0.1247422829502253
15,5,reachable_par5_water,Austin Eckroat,-0.3342180996517218
15,5,reachable_par5_water,Ryo Hisatsune,-0.06153033286465533
15,5,reachable_par5_water,Jake Knapp,-0.09040732133913831
15,5,reachable_par5_water,Rickie Fowler,-0.02835219528095901
15,5,reachable_par5_water,Cameron Young,-0.10304345248318288
15,5,reachable_par5_water,Jhonattan Vegas,-0.21419728395946278
15,5,reachable_par5_water,Joel Dahmen,-0.1868344657544463
15,5,reachable_par5_water,Harris English,-0.0552498746000758
15,5,reachable_par5_water,Sam Burns,-0.2432247840293544
15,5,reachable_par5_water,Denny McCarthy,-0.31091889629914526
15,5,reachable_par5_water,Matt Wallace,-0.10038765968794783
15,5,reachable_par5_water,Garrick Higgo,-0.1129648691737239
16,3,mid_par3,Scottie Scheffler,0.540367745283268
16,3,mid_par3,Tommy Fleetwood,0.3648981733027286
16,3,mid_par3,Collin Morikawa,0.010273794198100735
16,3,mid_par3,J.J. Spaun,0.17256553861823706
16,3,mid_par3,Viktor Hovland,0.05340129622277583
16,3,mid_par3,Rico Hoey,-0.27709833772932946
16,3,mid_par3,Sepp Straka,0.1355202233897073
16,3,mid_par3,Russell Henley,0.3153619718475447
16,3,mid_par3,Patrick Cantlay,0.1725808747111015
16,3,mid_par3,Shane Lowry,0.07322017663345277
16,3,mid_par3,Rory McIlroy,0.14809243865905744
16,3,mid_par3,Kurt Kitayama,0.03635953009439692
16,3,mid_par3,Ben Griffin,0.24580833266059837
16,3,mid_par3,Aaron Rai,0.07397771273865232
16,3,mid_par3,Si Woo Kim,0.04728135382497127
16,3,mid_par3,Nicolai H√∏jgaard,-0.006901104391045838
16,3,mid_par3,Kevin Yu,-0.03467932256413257
16,3,mid_par3,Ben Kohles,-0.09947701885141198
16,3,mid_par3,Daniel Berger,-0.06337009446328548
16,3,mid_par3,Keegan Bradley,0.16184773729717525
16,3,mid_par3,Doug Ghim,-0.18546448972079865
16,3,mid_par3,Xander Schauffele,0.012612885718746447
16,3,mid_par3,Akshay Bhatia,0.008673536625287895
16,3,mid_par3,Robert MacIntyre,0.17910185656627
16,3,mid_par3,Pierceson Coody,-0.13475204403342075
16,3,mid_par3,Corey Conners,0.0056842896427670205
16,3,mid_par3,Lee Hodges,0.1009896684364768
16,3,mid_par3,Jordan Spieth,0.18349282872237083
16,3,mid_par3,Justin Thomas,0.21385280888064845
16,3,mid_par3,Lucas Glover,-0.0036455415542100016
16,3,mid_par3,Hideki Matsuyama,0.12592305299077525
16,3,mid_par3,Victor Perez,-0.0016158958675949642
16,3,mid_par3,Ryan Gerard,-0.03578416823492619
16,3,mid_par3,Bud Cauley,0.0952264621977757
16,3,mid_par3,Nick Taylor,0.11085525667980281
16,3,mid_par3,Taylor Pendrith,-0.04159507364855305
16,3,mid_par3,Keith Mitchell,-0.10156962562862382
16,3,mid_par3,Maverick McNealy,0.053432270019500974
16,3,mid_par3,Michael Kim,0.10191369289575035
16,3,mid_par3,Chris Kirk,-0.01021874423525618
16,3,mid_par3,Thorbj√∏rn Olesen,0.09308659934008505
16,3,mid_par3,Gary Woodland,-0.1359789919013268
16,3,mid_par3,Steven Fisk,-0.11052368156491857
16,3,mid_par3,Michael Thorbjornsen,-0.1770634899779603
16,3,mid_par3,Joseph Bramlett,-0.2153118960347394
16,3,mid_par3,Alex Smalley,0.03140433135064389
16,3,mid_par3,Emiliano Grillo,-0.04529283293451048
16,3,mid_par3,Adam Scott,-0.01528006298516111
16,3,mid_par3,Sami Valimaki,-0.028635929984457537
16,3,mid_par3,Thomas Rosenmueller,-0.3374925261716322
16,3,mid_par3,Davis Thompson,-0.08875662147132253
16,3,mid_par3,Chris Gotterup,-0.08647106049901912
16,3,mid_par3,Ludvig √Öberg,-0.10112395720684575
16,3,mid_par3,Greyson Sigg,-0.09961431216507556
16,3,mid_par3,Henrik Norlander,-0.15594193758463196
16,3,mid_par3,Patrick Fishburn,0.002043690086674633
16,3,mid_par3,Antoine Rozner,-0.20079924310783592
16,3,mid_par3,Ricky Castillo,-0.027214765486846166
16,3,mid_par3,Ryan Fox,0.05999286422046656
16,3,mid_par3,Luke Clanton,-0.180677661053988
16,3,mid_par3,Mac Meissner,0.05165655585516459
16,3,mid_par3,Zac Blair,-0.06562410931478409
16,3,mid_par3,Matt Fitzpatrick,0.0812384857835717
16,3,mid_par3,Max McGreevy,-0.10998502692207361
16,3,mid_par3,Kevin Roy,0.0018027143835700062
16,3,mid_par3,Harry Hall,0.05135896039251509
16,3,mid_par3,Jesper Svensson,-0.12734702255750055
16,3,mid_par3,J.T. Poston,0.0856554386299709
16,3,mid_par3,Austin Eckroat,-0.20949984884330763
16,3,mid_par3,Ryo Hisatsune,-0.024498495425498677
16,3,mid_par3,Jake Knapp,-0.06365438729776994
16,3,mid_par3,Rickie Fowler,-0.042646719663090575
16,3,mid_par3,Cameron Young,-0.08190966603747558
16,3,mid_par3,Jhonattan Vegas,-0.15705163085932547
16,3,mid_par3,Joel Dahmen,-0.12012805570106258
16,3,mid_par3,Harris English,-0.04688584595496279
16,3,mid_par3,Sam Burns,-0.10898772080600141
16,3,mid_par3,Denny McCarthy,-0.04729010208367558
16,3,mid_par3,Matt Wallace,0.04226060026412584
16,3,mid_par3,Garrick Higgo,-0.03595668664534235
17,4,mid_par4,Scottie Scheffler,0.5885819045376154
17,4,mid_par4,Tommy Fleetwood,0.32021699624570604
17,4,mid_par4,Collin Morikawa,0.08352838346782325
17,4,mid_par4,J.J. Spaun,0.17451444964046525
17,4,mid_par4,Viktor Hovland,0.04595477778586505
17,4,mid_par4,Rico Hoey,-0.12775504329897544
17,4,mid_par4,Sepp Straka,0.1291729666425337
17,4,mid_par4,Russell Henley,0.2315204009582929
17,4,mid_par4,Patrick Cantlay,0.17451160442520738
17,4,mid_par4,Shane Lowry,0.04905505744137807
17,4,mid_par4,Rory McIlroy,0.1946952339626764
17,4,mid_par4,Kurt Kitayama,0.09706789947117515
17,4,mid_par4,Ben Griffin,0.20369006186121333
17,4,mid_par4,Aaron Rai,0.10360823433348804
17,4,mid_par4,Si Woo Kim,0.05875810452142772
17,4,mid_par4,Nicolai H√∏jgaard,0.007392271669594481
17,4,mid_par4,Kevin Yu,0.05433690065700666
17,4,mid_par4,Ben Kohles,-0.08081937635664625
17,4,mid_par4,Daniel Berger,-0.00026831722774358583
17,4,mid_par4,Keegan Bradley,0.1434381904228795
17,4,mid_par4,Doug Ghim,-0.13398008403641928
17,4,mid_par4,Xander Schauffele,-0.003695768354993122
17,4,mid_par4,Akshay Bhatia,-0.02109164846964543
17,4,mid_par4,Robert MacIntyre,0.1529879598850757
17,4,mid_par4,Pierceson Coody,-0.014497831218617373
17,4,mid_par4,Corey Conners,0.04348205674012975
17,4,mid_par4,Lee Hodges,0.06482767587062069
17,4,mid_par4,Jordan Spieth,0.1711478592091394
17,4,mid_par4,Justin Thomas,0.14382314340919242
17,4,mid_par4,Lucas Glover,-0.02169562744490002
17,4,mid_par4,Hideki Matsuyama,0.010489545078541553
17,4,mid_par4,Victor Perez,-0.018844359931709423
17,4,mid_par4,Ryan Gerard,-0.03538947409568399
17,4,mid_par4,Bud Cauley,0.0723601528860336
17,4,mid_par4,Nick Taylor,0.04964796711040124
17,4,mid_par4,Taylor Pendrith,0.022425926881007766
17,4,mid_par4,Keith Mitchell,-0.022535470776928457
17,4,mid_par4,Maverick McNealy,0.03490945652839966
17,4,mid_par4,Michael Kim,0.05009503368949509
17,4,mid_par4,Chris Kirk,-0.02739465973603975
17,4,mid_par4,Thorbj√∏rn Olesen,0.07064233442033407
17,4,mid_par4,Gary Woodland,-0.10012662763867645
17,4,mid_par4,Steven Fisk,-0.06937872222468384
17,4,mid_par4,Michael Thorbjornsen,-0.07797073844312735
17,4,mid_par4,Joseph Bramlett,-0.1777247555621377
17,4,mid_par4,Alex Smalley,0.051794585146393644
17,4,mid_par4,Emiliano Grillo,-0.04296051809862666
17,4,mid_par4,Adam Scott,0.01009836187382065
17,4,mid_par4,Sami Valimaki,-0.13739329438122716
17,4,mid_par4,Thomas Rosenmueller,-0.2428291465459556
17,4,mid_par4,Davis Thompson,-0.0387715044870482
17,4,mid_par4,Chris Gotterup,-0.020302729963272582
17,4,mid_par4,Ludvig √Öberg,-0.03627430577456507
17,4,mid_par4,Greyson Sigg,-0.11507192473612599
17,4,mid_par4,Henrik Norlander,-0.22164061987361552
17,4,mid_par4,Patrick Fishburn,0.005221852719355644
17,4,mid_par4,Antoine Rozner,-0.18345217787563578
17,4,mid_par4,Ricky Castillo,-0.007650327326127198
17,4,mid_par4,Ryan Fox,-0.0038180493124835985
17,4,mid_par4,Luke Clanton,-0.12580475738473632
17,4,mid_par4,Mac Meissner,-0.04825085938832332
17,4,mid_par4,Zac Blair,-0.15483893614630417
17,4,mid_par4,Matt Fitzpatrick,0.02949884599488566
17,4,mid_par4,Max McGreevy,-0.0635755570153137
17,4,mid_par4,Kevin Roy,0.001931074600671815
17,4,mid_par4,Harry Hall,-0.07563396361497458
17,4,mid_par4,Jesper Svensson,-0.06505489069636439
17,4,mid_par4,J.T. Poston,0.05033138579758289
17,4,mid_par4,Austin Eckroat,-0.17056821458542606
17,4,mid_par4,Ryo Hisatsune,-0.041692340996692355
17,4,mid_par4,Jake Knapp,-0.06892068891847297
17,4,mid_par4,Rickie Fowler,-0.03180610594203157
17,4,mid_par4,Cameron Young,-0.08619396464759749
17,4,mid_par4,Jhonattan Vegas,-0.1255771576845981
17,4,mid_par4,Joel Dahmen,-0.10441062404569602
17,4,mid_par4,Harris English,-0.05856825914115658
17,4,mid_par4,Sam Burns,-0.1612307555668858
17,4,mid_par4,Denny McCarthy,-0.16678726817594008
17,4,mid_par4,Matt Wallace,-0.07264216094448074
17,4,mid_par4,Garrick Higgo,-0.09086904779882596
18,4,long_par4_tight,Scottie Scheffler,0.7985635242454312
18,4,long_par4_tight,Tommy Fleetwood,0.43862009740370583
18,4,long_par4_tight,Collin Morikawa,0.10406831586460798
18,4,long_par4_tight,J.J. Spaun,0.2336766189832619
18,4,long_par4_tight,Viktor Hovland,0.025596797526630074
18,4,long_par4_tight,Rico Hoey,-0.20651826047138216
18,4,long_par4_tight,Sepp Straka,0.17059756428813808
18,4,long_par4_tight,Russell Henley,0.30516208187429567
18,4,long_par4_tight,Patrick Cantlay,0.24732652734992355
18,4,long_par4_tight,Shane Lowry,0.04040685124778701
18,4,long_par4_tight,Rory McIlroy,0.29094114438330554
18,4,long_par4_tight,Kurt Kitayama,0.14548989840780635
18,4,long_par4_tight,Ben Griffin,0.28908324408271135
18,4,long_par4_tight,Aaron Rai,0.152202389323465
18,4,long_par4_tight,Si Woo Kim,0.07202745370507632
18,4,long_par4_tight,Nicolai H√∏jgaard,0.0004424639083492435
18,4,long_par4_tight,Kevin Yu,0.09625615452052705
18,4,long_par4_tight,Ben Kohles,-0.13939873824163135
18,4,long_par4_tight,Daniel Berger,0.006513921988861489
18,4,long_par4_tight,Keegan Bradley,0.20829824452294174
18,4,long_par4_tight,Doug Ghim,-0.21491322090602052
18,4,long_par4_tight,Xander Schauffele,-0.019584152835113146
18,4,long_par4_tight,Akshay Bhatia,-0.048463657655221114
18,4,long_par4_tight,Robert MacIntyre,0.2356374606866503
18,4,long_par4_tight,Pierceson Coody,0.004273141654817097
18,4,long_par4_tight,Corey Conners,0.07881304695965001
18,4,long_par4_tight,Lee Hodges,0.09096344776264609
18,4,long_par4_tight,Jordan Spieth,0.2677535575193234
18,4,long_par4_tight,Justin Thomas,0.20473099938727762
18,4,long_par4_tight,Lucas Glover,-0.04261084085931427
18,4,long_par4_tight,Hideki Matsuyama,-0.025389979729913296
18,4,long_par4_tight,Victor Perez,-0.03238463316019758
18,4,long_par4_tight,Ryan Gerard,-0.05681232348065235
18,4,long_par4_tight,Bud Cauley,0.11187984302917424
18,4,long_par4_tight,Nick Taylor,0.0624516639302931
18,4,long_par4_tight,Taylor Pendrith,0.05735313416145399
18,4,long_par4_tight,Keith Mitchell,-0.0071306573865862165
18,4,long_par4_tight,Maverick McNealy,0.05827232694417569
18,4,long_par4_tight,Michael Kim,0.07057445915678043
18,4,long_par4_tight,Chris Kirk,-0.04165196070052887
18,4,long_par4_tight,Thorbj√∏rn Olesen,0.11675989755343237
18,4,long_par4_tight,Gary Woodland,-0.14094692568795109
18,4,long_par4_tight,Steven Fisk,-0.09311016257968542
18,4,long_par4_tight,Michael Thorbjornsen,-0.08627838235534306
18,4,long_par4_tight,Joseph Bramlett,-0.2727662971272156
18,4,long_par4_tight,Alex Smalley,0.0984826797522001
18,4,long_par4_tight,Emiliano Grillo,-0.05623339450405713
18,4,long_par4_tight,Adam Scott,0.03835987658619412
18,4,long_par4_tight,Sami Valimaki,-0.24374165376915
18,4,long_par4_tight,Thomas Rosenmueller,-0.34196877208724613
18,4,long_par4_tight,Davis Thompson,-0.03642526827563702
18,4,long_par4_tight,Chris Gotterup,-8.989825098259726e-07
18,4,long_par4_tight,Ludvig √Öberg,-0.022558107277478336
18,4,long_par4_tight,Greyson Sigg,-0.1719399906380649
18,4,long_par4_tight,Henrik Norlander,-0.35620274738306035
18,4,long_par4_tight,Patrick Fishburn,0.03168227701923923
18,4,long_par4_tight,Antoine Rozner,-0.2664646897718232
18,4,long_par4_tight,Ricky Castillo,0.010890774074266862
18,4,long_par4_tight,Ryan Fox,-0.005251139180211714
18,4,long_par4_tight,Luke Clanton,-0.16134731543695338
18,4,long_par4_tight,Mac Meissner,-0.08893876697975135
18,4,long_par4_tight,Zac Blair,-0.25339450908460714
18,4,long_par4_tight,Matt Fitzpatrick,0.054522762764054704
18,4,long_par4_tight,Max McGreevy,-0.060669744138671204
18,4,long_par4_tight,Kevin Roy,0.029177191646167732
18,4,long_par4_tight,Harry Hall,-0.14887533033723033
18,4,long_par4_tight,Jesper Svensson,-0.06501833723068949
18,4,long_par4_tight,J.T. Poston,0.09610703743047118
18,4,long_par4_tight,Austin Eckroat,-0.22904595730768762
18,4,long_par4_tight,Ryo Hisatsune,-0.04603318280939471
18,4,long_par4_tight,Jake Knapp,-0.08470731085929019
18,4,long_par4_tight,Rickie Fowler,-0.01477448835905348
18,4,long_par4_tight,Cameron Young,-0.1181300557148517
18,4,long_par4_tight,Jhonattan Vegas,-0.1569760371082771
18,4,long_par4_tight,Joel Dahmen,-0.1287917538870752
18,4,long_par4_tight,Harris English,-0.06667863528586974
18,4,long_par4_tight,Sam Burns,-0.2562441344968774
18,4,long_par4_tight,Denny McCarthy,-0.27421327103360815
18,4,long_par4_tight,Matt Wallace,-0.12494837109251952
18,4,long_par4_tight,Garrick Higgo,-0.13642481543669305
